CardNum,CardName,ImgURL,Type,CardClass,Color,Level,GrowCost,Cost,Limit,Power,Restriction,Team,Timing,Guard,Coin,Story,LifeBurst,EffectText,BurstText
WDK05-T01,夜明の巫女　タマヨリヒメ,https://www.takaratomy.co.jp/products/wixoss/img/card/WDK05/WDK05-T01.jpg,ルリグ,タマ,白,4,《白》×０,-,11,-,-,-,-,0,2,-,0,【常】：あなたの場に《燃盛　遊月・鍵》がいるかぎり、このルリグは【ダブルクラッシュ】を得る。【出】：あなたは手札を好きな枚数捨てる。この方法でカードを１枚以上捨てた場合、捨てたカード１枚につきあなたのデッキから＜遊具＞のシグニ１枚を探して公開し手札に加え、デッキをシャッフルする。【起】《ターン１回》《メインフェイズアイコン》《アタックフェイズアイコン》《白×0》：あなたのデッキの一番上を見る。,-
WDK05-T03,若月の巫女　タマヨリヒメ,https://www.takaratomy.co.jp/products/wixoss/img/card/WDK05/WDK05-T03.jpg,ルリグ,タマ,白,2,《白》×１,-,4,-,-,-,-,0,-,-,0,【出】《コインアイコン》：カードを１枚引く。,-
WDK05-T07,クリン・バウンダリー,https://www.takaratomy.co.jp/products/wixoss/img/card/WDK05/WDK05-T07.jpg,アーツ,-,白,-,-,《白》×１,-,-,タマ限定,-,メインフェイズ,0,-,-,0,あなたの＜遊具＞のシグニを２体まで対象とし、それらを手札に戻す。その後、この方法で手札に戻したシグニ１体につき対戦相手のシグニ１体を対象とし、それらを手札に戻す。,-
WDK05-T09,燃盛　遊月・鍵,https://www.takaratomy.co.jp/products/wixoss/img/card/WDK05/WDK05-T09.jpg,キー,-,赤,-,-,《コイン》×２,-,-,-,-,-,0,-,-,0,【常】：あなたのセンタールリグは以下の能力を得る。【起】エクシード１（あなたのルリグの下からカードを１枚ルリグトラッシュに置く）：このターン、対戦相手はレベル１のシグニで【ガード】ができない。【出】：対戦相手のエナゾーンから無色のカードを２枚まで対象とし、それらをトラッシュに置く。【起】このキーを場からルリグトラッシュに置く：対戦相手のエナゾーンからカード１枚を対象とし、それをトラッシュに置く。,-
WDK05-T10,ヴィクティム・ディフェンス,https://www.takaratomy.co.jp/products/wixoss/img/card/WDK05/WDK05-T10.jpg,アーツ,-,無,-,-,《無》×０,-,-,-,-,メインフェイズアタックフェイズ,0,-,-,0,ベット―《コインアイコン》（このアーツを使用する際に《コインアイコン》を支払ってもよい）以下の２つから１つを選ぶ。あなたがベットしていた場合、代わりに２つ選ぶ。①対戦相手のシグニ１体を対象とし、ターン終了時まで、それは「【常】：アタックできない。」を得る。手札を２枚捨てる。（手札が１枚以下で使用した場合すべて捨てる）②あなたのトラッシュからシグニ１枚を対象とし、それを手札に加える。,-
WDK05-T11,師の遊　ユキダルマ,https://www.takaratomy.co.jp/products/wixoss/img/card/WDK05/WDK05-T11.jpg,シグニ,精武：遊具,白,4,-,-,-,12000,タマ限定,-,-,0,-,-,1,【自】《ターン１回》：あなたのシグニ１体が場から手札に戻ったとき、対戦相手のシグニ１体を対象とし、《白》を支払ってもよい。そうした場合、それを手札に戻す。【出】：このシグニがデッキから場に出た場合、カードを１枚引くか【エナチャージ１】をする。,：対戦相手のレベル４以下のシグニ１体を対象とし、それを手札に戻す。
WDK05-T12,師の遊　ケロパッチン,https://www.takaratomy.co.jp/products/wixoss/img/card/WDK05/WDK05-T12.jpg,シグニ,精武：遊具,白,4,-,-,-,10000,タマ限定,-,-,0,-,-,0,【出】《白》他のシグニ１体を場からデッキの一番上に置く：対戦相手のシグニ１体を対象とし、それを手札に戻す。,-
WDK05-T13,讃の遊　パックンチョ,https://www.takaratomy.co.jp/products/wixoss/img/card/WDK05/WDK05-T13.jpg,シグニ,精武：遊具,白,3,-,-,-,8000,タマ限定,-,-,0,-,-,0,【自】：このシグニがアタックしたとき、このシグニを場から手札に戻してもよい。そうした場合、あなたのデッキの一番上を公開する。それがシグニの場合、それを場に出す。,-
WDK05-T14,讃の遊　ユキガッセン,https://www.takaratomy.co.jp/products/wixoss/img/card/WDK05/WDK05-T14.jpg,シグニ,精武：遊具,白,3,-,-,-,7000,タマ限定,-,-,0,-,-,1,【出】：対戦相手のレベル３以下のシグニ１体を対象とし、あなたのターンにこのシグニがデッキから場に出た場合、それを手札に戻す。,：カードを１枚引く。
WDK05-T15,仁の遊　カマクラ,https://www.takaratomy.co.jp/products/wixoss/img/card/WDK05/WDK05-T15.jpg,シグニ,精武：遊具,白,2,-,-,-,5000,タマ限定,-,-,0,-,-,0,【自】：このシグニがアタックしたとき、このシグニを場から手札に戻してもよい。そうした場合、あなたのデッキの一番上を公開する。それがシグニの場合、それをアタックしているシグニとしてダウン状態で場に出す。,-
WDK05-T16,偉智の遊　イトデンワ,https://www.takaratomy.co.jp/products/wixoss/img/card/WDK05/WDK05-T16.jpg,シグニ,精武：遊具,白,1,-,-,-,3000,-,-,-,0,-,-,0,-,-
WDK05-T17,偉智の遊　ユキソリ,https://www.takaratomy.co.jp/products/wixoss/img/card/WDK05/WDK05-T17.jpg,シグニ,精武：遊具,白,1,-,-,-,1000,-,-,-,0,-,-,1,【出】：あなたのデッキの上からカードを３枚見る。それらを好きな順番でデッキの一番上に戻す。（デッキが２枚以下の場合それらをすべて見る）,：カードを１枚引く。
WDK05-T20,フライング・トリガー,https://www.takaratomy.co.jp/products/wixoss/img/card/WDK05/WDK05-T20.jpg,スペル,-,白,-,-,《白》×０,-,-,タマ限定,-,-,0,-,-,0,以下の２つから１つを選ぶ。①対象のあなたの＜遊具＞のシグニ１体を場からトラッシュに置く。そうした場合、対戦相手は対象の自分のシグニ１体を手札に戻す。②【エナチャージ１】（あなたのデッキの一番上のカードをエナゾーンに置く）,-
WDK05-R01,来夢の巫女　リメンバ・ナイト,https://www.takaratomy.co.jp/products/wixoss/img/card/WDK05/WDK05-R01.jpg,ルリグ,リメンバ,青,4,《青》×０,-,11,-,-,-,-,0,2,-,0,【出】：対戦相手のすべてのシグニを凍結する。【起】《ターン１回》《コインアイコン》：カードを３枚引き、手札からカード２枚を好きな順番でデッキの一番下に置く。,-
WDK05-R02,来夢の巫女　リメンバ・ダスク,https://www.takaratomy.co.jp/products/wixoss/img/card/WDK05/WDK05-R02.jpg,ルリグ,リメンバ,青,3,《青》×２,-,7,-,-,-,-,0,-,-,0,【出】：《コインアイコン》《コインアイコン》を得る。,-
WDK05-R03,来夢の巫女　リメンバ・アフタ,https://www.takaratomy.co.jp/products/wixoss/img/card/WDK05/WDK05-R03.jpg,ルリグ,リメンバ,青,2,《青》×１,-,4,-,-,-,-,0,-,-,0,【出】《コインアイコン》：カードを１枚引く。,-
WDK05-R04,来夢の巫女　リメンバ・アリモ,https://www.takaratomy.co.jp/products/wixoss/img/card/WDK05/WDK05-R04.jpg,ルリグ,リメンバ,青,1,《青》×０,-,2,-,-,-,-,0,-,-,0,【出】手札を１枚捨てる：《コインアイコン》を得る。（【出】能力の：の左側はコストである。コストを支払わず発動しないことを選んでもよい）,-
WDK05-R05,来夢の巫女　リメンバ,https://www.takaratomy.co.jp/products/wixoss/img/card/WDK05/WDK05-R05.jpg,ルリグ,リメンバ,青,0,《青》×０,-,0,-,-,-,-,0,-,-,0,-,-
WDK05-R06,ドロー・パーフェクト,https://www.takaratomy.co.jp/products/wixoss/img/card/WDK05/WDK05-R06.jpg,アーツ,-,青,-,-,《青》×４,-,-,-,-,メインフェイズ,0,-,-,0,カードを７枚引く。,-
WDK05-R08,ブルー・ジャミング,https://www.takaratomy.co.jp/products/wixoss/img/card/WDK05/WDK05-R08.jpg,アーツ,-,青,-,-,《青》×１《無》×１,-,-,-,-,アタックフェイズ,0,-,-,0,対戦相手のシグニ１体を対象とし、それをダウンし凍結する。カードを２枚引き、手札を１枚捨てる。（凍結されたシグニは次の自分のアップフェイズにアップしない）,-
WDK05-R09,フリーズ・サッド,https://www.takaratomy.co.jp/products/wixoss/img/card/WDK05/WDK05-R09.jpg,アーツ,-,青,-,-,《青》×０,-,-,リメンバ限定,-,メインフェイズ,0,-,-,0,対戦相手の凍結状態のすべてのシグニをバニッシュする。,-
WDK05-R11,彩英の探求　ノーベル,https://www.takaratomy.co.jp/products/wixoss/img/card/WDK05/WDK05-R11.jpg,シグニ,精像：英知,青,4,-,-,-,12000,リメンバ限定,-,-,0,-,-,1,【自】：このシグニがアタックしたとき、《青》を支払ってもよい。そうした場合、あなたのデッキの下からカードを２枚トラッシュに置く。その後、この方法でトラッシュに置かれたシグニのレベルの合計と同じレベルの対戦相手のシグニ１体を対象とし、それをバニッシュする。,：対戦相手のシグニ１体を対象とし、それをダウンする。カードを１枚引く。
WDK05-R12,占英の星術　ホロスチャート,https://www.takaratomy.co.jp/products/wixoss/img/card/WDK05/WDK05-R12.jpg,シグニ,精像：英知,青,4,-,-,-,10000,リメンバ限定,-,-,0,-,-,0,【出】：対戦相手のシグニ１体を対象とし、それを凍結する。【出】：対戦相手の場に凍結状態のシグニが３体ある場合、対戦相手は手札を１枚捨てる。（凍結されたシグニは次の自分のアップフェイズにアップしない）（凍結状態のシグニは自分のアップフェイズが終了すると凍結状態ではなくなる）,-
WDK05-R13,社英の業績　カブケン,https://www.takaratomy.co.jp/products/wixoss/img/card/WDK05/WDK05-R13.jpg,シグニ,精像：英知,青,3,-,-,-,8000,-,-,-,0,-,-,0,【自】《ターン２回》：あなたがカードを１枚引いたとき、ターン終了時まで、このシグニのパワーを＋4000する。,-
WDK05-R14,皮英の潤滑　イグ・バナナン,https://www.takaratomy.co.jp/products/wixoss/img/card/WDK05/WDK05-R14.jpg,シグニ,精像：英知,青,3,-,-,-,7000,リメンバ限定,-,-,0,-,-,1,【出】：カードを１枚引き、手札からカード１枚をデッキの一番下に置く。【起】《ターン１回》《青×0》：あなたのデッキの下からカードを２枚トラッシュに置く。その後、この方法でトラッシュに置かれたシグニのレベルの合計が４の場合、対戦相手のシグニを２体まで対象とし、それらを凍結する。（凍結されたシグニは次の自分のアップフェイズにアップしない）,：カードを１枚引く。
WDK05-R15,国英の変動　エンヤス,https://www.takaratomy.co.jp/products/wixoss/img/card/WDK05/WDK05-R15.jpg,シグニ,精像：英知,青,2,-,-,-,5000,-,-,-,0,-,-,0,【自】《ターン１回》：あなたがカードを１枚引いたとき、ターン終了時まで、このシグニのパワーを＋5000する。,-
WDK05-R16,費英の購買　ショウヒゼ,https://www.takaratomy.co.jp/products/wixoss/img/card/WDK05/WDK05-R16.jpg,シグニ,精像：英知,青,1,-,-,-,3000,-,-,-,0,-,-,0,-,-
WDK05-R17,国英の変動　エンダカ,https://www.takaratomy.co.jp/products/wixoss/img/card/WDK05/WDK05-R17.jpg,シグニ,精像：英知,青,1,-,-,-,1000,リメンバ限定,-,-,0,-,-,1,【出】：カードを１枚引き、手札からカード１枚をデッキの一番下に置く。,：カードを１枚引く。
WDK05-R20,ＦＲＯＺＥＮ　ＦＩＮＧＥＲ,https://www.takaratomy.co.jp/products/wixoss/img/card/WDK05/WDK05-R20.jpg,スペル,-,青,-,-,《青》×０,-,-,リメンバ限定,-,-,0,-,-,0,以下の２つから１つを選ぶ。①対象のあなたの＜英知＞のシグニ１体を場からトラッシュに置く。そうした場合、対象の対戦相手の凍結状態のシグニ１体をバニッシュする。②【エナチャージ１】（あなたのデッキの一番上のカードをエナゾーンに置く）,-
WDK06-R01,凛武の記憶　リル,https://www.takaratomy.co.jp/products/wixoss/img/card/WDK06/WDK06-R01.jpg,ルリグ,リル,赤,4,《赤》×０,-,11,-,-,-,-,0,1,-,0,【常】：あなたのターンの間、あなたの＜アーム＞のシグニのパワーを＋3000する。【出】：あなたのデッキの上からカードを３枚見る。その中から＜アーム＞のシグニ１枚を場に出し、残りを好きな順番でデッキの一番下に置く。その後、この方法で場に出たシグニのパワー以下の対戦相手のシグニ１体を対象とし、それをバニッシュする。【出】：あなたの場に《メル＝マドラー》がいる場合、【エナチャージ２】をする。,-
WDK06-R03,切先の記憶　リル,https://www.takaratomy.co.jp/products/wixoss/img/card/WDK06/WDK06-R03.jpg,ルリグ,リル,赤,2,《赤》×１,-,4,-,-,-,-,0,-,-,0,【出】《コインアイコン》：カードを１枚引く。（【出】能力の：の左側はコストである。コストを支払わず発動しないことを選んでもよい）,-
WDK06-R07,火朝月夕,https://www.takaratomy.co.jp/products/wixoss/img/card/WDK06/WDK06-R07.jpg,アーツ,-,赤,-,-,《赤》×２《無》×２,-,-,-,-,メインフェイズアタックフェイズ,0,-,-,0,ベット―《コインアイコン》あなたがベットする場合、このアーツの使用コストは《赤×1》《無×1》になる。対象の対戦相手のシグニ１体をバニッシュする。あなたのトラッシュから対象の赤のシグニ１枚を手札に加える。,-
WDK06-R08,火中取栗,https://www.takaratomy.co.jp/products/wixoss/img/card/WDK06/WDK06-R08.jpg,アーツ,-,赤,-,-,《赤》×０,-,-,リル限定,-,メインフェイズアタックフェイズ,0,-,-,0,ベット―《コインアイコン》以下の２つから１つを選ぶ。あなたがベットしていた場合、代わりに２つ選ぶ。①対象のあなたの《ライズアイコン》を持つシグニ１体よりパワーの低い対象の対戦相手のシグニ１体をバニッシュする。②あなたのデッキから《ライズアイコン》を持つシグニ１枚と＜アーム＞のシグニ１枚を探して公開し手札に加え、デッキをシャッフルする。,-
WDK06-R09,メル＝マドラー,https://www.takaratomy.co.jp/products/wixoss/img/card/WDK06/WDK06-R09.jpg,キー,-,緑,-,-,《コイン》×１,-,-,-,-,-,0,-,-,0,【自】：対戦相手のターン終了時、このターンにアタックしたシグニを２体まで対象とし、このキーを場からルリグトラッシュに置いてもよい。そうした場合、それらをバニッシュする。【出】：【エナチャージ２】【起】《ターン１回》《アタックフェイズアイコン》《緑×0》：シグニ１体を対象とし、ターン終了時まで、それのパワーを＋2000する。,-
WDK06-R11,極装　ハイメイル,https://www.takaratomy.co.jp/products/wixoss/img/card/WDK06/WDK06-R11.jpg,シグニ,精武：アーム,赤,4,-,-,-,13000,リル限定,-,-,0,-,-,1,【ライズ】あなたの赤のシグニ１体の上に置く（この条件を満たさなければ場に出せない）【自】：このシグニがアタックしたとき、対戦相手のシグニ１体を対象とし、このターンにあなたが手札を２枚以上捨てていた場合、それをバニッシュする。【起】《ターン１回》手札を１枚捨てる：カードを１枚引く。,：対戦相手のパワー13000以下のシグニ１体を対象とし、それをバニッシュする。
WDK06-R12,極装　トンファー,https://www.takaratomy.co.jp/products/wixoss/img/card/WDK06/WDK06-R12.jpg,シグニ,精武：アーム,赤,4,-,-,-,10000,リル限定,-,-,0,-,-,0,【出】《赤》《赤》：このターンにあなたが手札を１枚以上捨てていた場合、カードを２枚引く。,-
WDK06-R13,大装　サンセツコン,https://www.takaratomy.co.jp/products/wixoss/img/card/WDK06/WDK06-R13.jpg,シグニ,精武：アーム,赤,3,-,-,-,8000,-,-,-,0,-,-,0,【常】：このターンにあなたが手札を１枚以上捨てていた場合、このシグニのパワーは＋7000される。,-
WDK06-R14,大装　トレット,https://www.takaratomy.co.jp/products/wixoss/img/card/WDK06/WDK06-R14.jpg,シグニ,精武：アーム,赤,3,-,-,-,7000,リル限定,-,-,0,-,-,1,【出】手札から＜アーム＞のシグニを１枚捨てる：あなたのデッキから《ライズアイコン》を持つシグニ１枚を探して公開し手札に加え、デッキをシャッフルする。,：カードを１枚引く。
WDK06-R15,中装　フラムベ,https://www.takaratomy.co.jp/products/wixoss/img/card/WDK06/WDK06-R15.jpg,シグニ,精武：アーム,赤,2,-,-,-,5000,-,-,-,0,-,-,0,【常】：このターンにあなたが手札を１枚以上捨てていた場合、このシグニのパワーは＋5000される。,-
WDK06-R16,小装　ククリ,https://www.takaratomy.co.jp/products/wixoss/img/card/WDK06/WDK06-R16.jpg,シグニ,精武：アーム,赤,1,-,-,-,3000,-,-,-,0,-,-,0,-,-
WDK06-R17,小装　ヌンチャ,https://www.takaratomy.co.jp/products/wixoss/img/card/WDK06/WDK06-R17.jpg,シグニ,精武：アーム,赤,1,-,-,-,1000,リル限定,-,-,0,-,-,1,【出】手札から＜アーム＞のシグニを１枚捨てる：対戦相手のパワー2000以下のシグニ１体を対象とし、それをバニッシュする。,：カードを１枚引く。
WDK06-R20,剣筋の見定め,https://www.takaratomy.co.jp/products/wixoss/img/card/WDK06/WDK06-R20.jpg,スペル,-,赤,-,-,《赤》×０,-,-,リル限定,-,-,0,-,-,0,以下の２つから１つを選ぶ。①あなたの＜アーム＞のシグニ１体を対象とし、それを場からトラッシュに置く。そうした場合、手札を１枚捨て、カードを２枚引く。（手札を捨てられなくてもカードを２枚引く）②【エナチャージ１】（あなたのデッキの一番上のカードをエナゾーンに置く）,-
WDK06-C01,カーニバル　†ＱＡ†,https://www.takaratomy.co.jp/products/wixoss/img/card/WDK06/WDK06-C01.jpg,ルリグ,カーニバル,黒,4,《黒》×０,-,11,-,-,-,-,0,-,-,0,【出】：対戦相手のシグニ１体を対象とし、あなたのトラッシュに＜武勇＞のシグニが１０枚以上ある場合、それをトラッシュに置く。　【起】《ターン１回》デッキの上からカードを３枚トラッシュに置く：対戦相手のシグニ１体を対象とし、ターン終了時まで、それのパワーを－5000する。,-
WDK06-C02,カーニバル　†ＴＡ†,https://www.takaratomy.co.jp/products/wixoss/img/card/WDK06/WDK06-C02.jpg,ルリグ,カーニバル,黒,3,《黒》×２,-,7,-,-,-,-,0,-,-,0,【出】《黒》：《コインアイコン》を得る。,-
WDK06-C03,カーニバル　†ＳＡ†,https://www.takaratomy.co.jp/products/wixoss/img/card/WDK06/WDK06-C03.jpg,ルリグ,カーニバル,黒,2,《黒》×１,-,4,-,-,-,-,0,-,-,0,【出】《コインアイコン》：カードを１枚引く。,-
WDK06-C04,カーニバル　†ＰＡ†,https://www.takaratomy.co.jp/products/wixoss/img/card/WDK06/WDK06-C04.jpg,ルリグ,カーニバル,黒,1,《黒》×０,-,2,-,-,-,-,0,-,-,0,【出】手札を１枚捨てる：《コインアイコン》を得る。（【出】能力の：の左側はコストである。コストを支払わず発動しないことを選んでもよい）,-
WDK06-C05,カーニバル　†０†,https://www.takaratomy.co.jp/products/wixoss/img/card/WDK06/WDK06-C05.jpg,ルリグ,カーニバル,黒,0,《黒》×０,-,0,-,-,-,-,0,3,-,0,-,-
WDK06-C06,フェイト・ストラグル,https://www.takaratomy.co.jp/products/wixoss/img/card/WDK06/WDK06-C06.jpg,アーツ,-,黒,-,-,《黒》×２《無》×２,-,-,カーニバル限定,-,メインフェイズアタックフェイズ,0,-,-,0,このアーツはあなたのトラッシュにカードが２０枚以上ある場合にしか使用できない。対戦相手のシグニを２体まで対象とし、それらをバニッシュする。,-
WDK06-C07,バッド・エンド,https://www.takaratomy.co.jp/products/wixoss/img/card/WDK06/WDK06-C07.jpg,アーツ,-,黒,-,-,《黒》×０,-,-,カーニバル限定,-,メインフェイズ,0,-,-,0,アンコール－《コインアイコン》（アンコールコストを追加で支払って使用してもよい。そうした場合、これは追加で「このカードをルリグデッキに戻す。」を得る）あなたのデッキの上からカードを５枚トラッシュに置く。その後、この方法で黒のカードが５枚トラッシュに置かれた場合、あなたのトラッシュから黒のシグニ１枚を対象とし、それを手札に加える。,-
WDK06-C08,タクティカル・パニッシュ,https://www.takaratomy.co.jp/products/wixoss/img/card/WDK06/WDK06-C08.jpg,アーツ,-,黒,-,-,《黒》×０,-,-,-,-,メインフェイズアタックフェイズ,0,-,-,0,対戦相手のシグニ１体を対象とし、ターン終了時まで、それのパワーを－3000する。あなたのトラッシュにカードが１５枚以上ある場合、代わりにターン終了時まで、それのパワーを－8000する。（パワーが０以下のシグニはルールによってバニッシュされる）,-
WDK06-C09,ナナシ　其の鉤,https://www.takaratomy.co.jp/products/wixoss/img/card/WDK06/WDK06-C09.jpg,キー,-,黒,-,-,《コイン》×２,-,-,-,-,-,0,-,-,0,【出】：各プレイヤーは自分のデッキの上からカードを５枚トラッシュに置く。【起】《ターン１回》《黒》《黒》：あなたのトラッシュからあなたのセンタールリグと共通する色を持つシグニ１枚を対象とし、それを手札に加える。【起】《アタックフェイズアイコン》このキーを場からルリグトラッシュに置く：ターン終了時まで、対戦相手のすべてのシグニのパワーを対戦相手のセンタールリグのレベル１につき－2000する。（この能力を使用した後に場に出たシグニはこの効果の影響を受けない）,-
WDK06-C11,魏軍の隻眼　カコウトン,https://www.takaratomy.co.jp/products/wixoss/img/card/WDK06/WDK06-C11.jpg,シグニ,精像：武勇,黒,4,-,-,-,12000,カーニバル限定,-,-,0,-,-,1,【自】：あなたの＜武勇＞のシグニ１体がトラッシュから場に出たとき、対戦相手のシグニ１体を対象とし、ターン終了時まで、それのパワーを－3000する。【自】：このシグニがアタックしたとき、対戦相手のシグニ１体を対象とし、ターン終了時まで、それのパワーを－5000する。あなたのトラッシュにカードが２０枚以上ある場合、代わりにターン終了時まで、それのパワーを－8000する。,：対戦相手のシグニ１体を対象とし、ターン終了時まで、それのパワーを－10000する。
WDK06-C12,円卓の不義　ランスロー,https://www.takaratomy.co.jp/products/wixoss/img/card/WDK06/WDK06-C12.jpg,シグニ,精像：武勇,黒,4,-,-,-,10000,カーニバル限定,-,-,0,-,-,0,【起】《黒》《ダウン》：あなたのトラッシュから黒のシグニ１枚を対象とし、それを場に出す。,-
WDK06-C13,円卓の鷹掴　ガエイン,https://www.takaratomy.co.jp/products/wixoss/img/card/WDK06/WDK06-C13.jpg,シグニ,精像：武勇,黒,3,-,-,-,8000,-,-,-,0,-,-,0,【常】：あなたのトラッシュに＜武勇＞のシグニが５枚以上あるかぎり、このシグニのパワーは＋4000される。,-
WDK06-C14,魏軍の赤弓　カコウエン,https://www.takaratomy.co.jp/products/wixoss/img/card/WDK06/WDK06-C14.jpg,シグニ,精像：武勇,黒,3,-,-,-,7000,カーニバル限定,-,-,0,-,-,1,【出】手札を１枚捨てる：あなたのトラッシュからレベル３以下の＜武勇＞のシグニ１枚を対象とし、あなたのターンの場合、それを場に出す。,：カードを１枚引く。
WDK06-C15,円卓の投槍　パルジファル,https://www.takaratomy.co.jp/products/wixoss/img/card/WDK06/WDK06-C15.jpg,シグニ,精像：武勇,黒,2,-,-,-,5000,-,-,-,0,-,-,0,【常】：あなたのトラッシュに＜武勇＞のシグニが３枚以上あるかぎり、このシグニのパワーは＋3000される。,-
WDK06-C16,魏軍の議郎　ソウジン,https://www.takaratomy.co.jp/products/wixoss/img/card/WDK06/WDK06-C16.jpg,シグニ,精像：武勇,黒,1,-,-,-,3000,-,-,-,0,-,-,0,-,-
WDK06-C17,魏軍の両斧　チョウリョウ,https://www.takaratomy.co.jp/products/wixoss/img/card/WDK06/WDK06-C17.jpg,シグニ,精像：武勇,黒,1,-,-,-,1000,カーニバル限定,-,-,0,-,-,1,【出】：あなたの他の＜武勇＞のシグニ１体を対象とし、ターン終了時まで、それのパワーをあなたのトラッシュにある＜武勇＞のシグニ２枚につき＋1000する。この効果は２０枚までしか適用されない。,：カードを１枚引く。
WDK06-C20,リサイクル・デッズ,https://www.takaratomy.co.jp/products/wixoss/img/card/WDK06/WDK06-C20.jpg,スペル,-,黒,-,-,《黒》×０,-,-,カーニバル限定,-,-,0,-,-,0,以下の２つから１つを選ぶ。①あなたの＜武勇＞のシグニ１体を対象とし、それを場からトラッシュに置く。そうした場合、あなたのデッキの上からカードを２枚トラッシュに置く。その後、あなたのトラッシュから＜武勇＞のシグニ１枚を対象とし、それを場に出す。②【エナチャージ１】（あなたのデッキの一番上のカードをエナゾーンに置く）,-
WDK07-E01,エルドラ　ＴＹＰＥ×Ⅳ,https://www.takaratomy.co.jp/products/wixoss/img/card/WDK07/WDK07-E01.jpg,ルリグ,エルドラ,青,4,《青》×０,-,11,-,-,-,-,0,2,-,0,【デコレ】【出】：【エナチャージ１】をする。この方法で＜調理＞のシグニがエナゾーンに置かれた場合、カードを１枚引く。【起】《ターン１回》《コインアイコン》《コインアイコン》《コインアイコン》：手札から＜調理＞のシグニを１枚捨てる。そうした場合、あなたのデッキの一番上のカードをライフクロスに加える。,-
WDK07-E02,エルドラ　ＴＹＰＥ×Ⅲ,https://www.takaratomy.co.jp/products/wixoss/img/card/WDK07/WDK07-E02.jpg,ルリグ,エルドラ,青,3,《青》×２,-,7,-,-,-,-,0,-,-,0,【デコレ】（あなたの＜調理＞のシグニ１体を対象とし、手札から＜調理＞のシグニ１枚をそれの【アクセ】にする。これはコストが《青×0》の【起】能力で、１ターンに一度しか使用できない）（【アクセ】はシグニ１体に１枚までしか付けられない）【出】：《コインアイコン》《コインアイコン》を得る。,-
WDK07-E03,エルドラ　ＴＹＰＥ×Ⅱ,https://www.takaratomy.co.jp/products/wixoss/img/card/WDK07/WDK07-E03.jpg,ルリグ,エルドラ,青,2,《青》×１,-,4,-,-,-,-,0,-,-,0,【デコレ】（あなたの＜調理＞のシグニ１体を対象とし、手札から＜調理＞のシグニ１枚をそれの【アクセ】にする。これはコストが《青×0》の【起】能力で、１ターンに一度しか使用できない）（【アクセ】はシグニ１体に１枚までしか付けられない）【出】《コインアイコン》：カードを１枚引く。,-
WDK07-E04,エルドラ　ＴＹＰＥ×Ⅰ,https://www.takaratomy.co.jp/products/wixoss/img/card/WDK07/WDK07-E04.jpg,ルリグ,エルドラ,青,1,《青》×０,-,2,-,-,-,-,0,-,-,0,【デコレ】（あなたの＜調理＞のシグニ１体を対象とし、手札から＜調理＞のシグニ１枚をそれの【アクセ】にする。これはコストが《青×0》の【起】能力で、１ターンに一度しか使用できない）（【アクセ】はシグニ１体に１枚までしか付けられない）【出】手札を１枚捨てる：《コインアイコン》を得る。,-
WDK07-E05,エルドラ　Ｂｏｏｔ,https://www.takaratomy.co.jp/products/wixoss/img/card/WDK07/WDK07-E05.jpg,ルリグ,エルドラ,青,0,《青》×０,-,0,-,-,-,-,0,-,-,0,-,-
WDK07-E06,ドント・イート,https://www.takaratomy.co.jp/products/wixoss/img/card/WDK07/WDK07-E06.jpg,アーツ,-,青,-,-,《青》×２《無》×２,-,-,エルドラ限定,-,メインフェイズアタックフェイズ,0,-,-,0,手札から＜調理＞のシグニを１枚捨てる。そうした場合、対象の対戦相手のシグニ１体をダウンし、対象の対戦相手のシグニ１体をデッキの一番上に置く。,-
WDK07-E07,パワー・デコレート,https://www.takaratomy.co.jp/products/wixoss/img/card/WDK07/WDK07-E07.jpg,アーツ,-,青,-,-,《青》×０,-,-,エルドラ限定,-,メインフェイズアタックフェイズ,0,-,-,0,あなたの＜調理＞のシグニを２体まで対象とし、あなたのデッキから＜調理＞のシグニを２枚まで探してそれらの【アクセ】にし、デッキをシャッフルする。（【アクセ】はシグニ１体に１枚までしか付けられない）,-
WDK07-E08,キャンディ・レイン,https://www.takaratomy.co.jp/products/wixoss/img/card/WDK07/WDK07-E08.jpg,アーツ,-,青,-,-,《青》×１,-,-,-,-,メインフェイズアタックフェイズスペルカットイン,0,-,-,0,以下の３つから１つを選ぶ。①対戦相手のシグニ１体を対象とし、それをダウンする。②カードを２枚引く。③スペル１枚を対象とし、それの効果を打ち消し、それをトラッシュから対戦相手の手札に戻す。このターン、対戦相手はそれと同じ名前のカードを使用できない。,-
WDK07-E09,イベリコーナII世　～鍵の章～,https://www.takaratomy.co.jp/products/wixoss/img/card/WDK07/WDK07-E09.jpg,キー,-,青,-,-,《コイン》×１,-,-,-,-,-,0,-,-,0,【出】：あなたのトラッシュから青のカードを３枚まで対象とし、それらを手札に加える。【起】このキーを場からルリグトラッシュに置く：あなたのセンタールリグのレベル１につきカードを１枚引く。あなたはこの方法で引いた枚数と同じ枚数のカードを捨てる。,-
WDK07-E11,コードイート　ポッピンアイス,https://www.takaratomy.co.jp/products/wixoss/img/card/WDK07/WDK07-E11.jpg,シグニ,精械：調理,青,4,-,-,-,12000,エルドラ限定,-,-,0,-,-,1,【常】：このシグニに【アクセ】が付いているかぎり、このシグニのパワーは＋2000される。【出】《青》：あなたのトラッシュから＜調理＞のシグニ１枚を対象とし、それをこのシグニの【アクセ】にする。,：カードを１枚引く。あなたのデッキの一番上を公開する。それが＜調理＞のシグニの場合、それを手札に加える。
WDK07-E12,コードイート　ウジキントキ,https://www.takaratomy.co.jp/products/wixoss/img/card/WDK07/WDK07-E12.jpg,シグニ,精械：調理,青,4,-,-,-,10000,エルドラ限定,-,-,0,-,-,0,【出】《青》《青》：カードを２枚引き、手札からカードを２枚エナゾーンに置く。（【出】能力の：の左側はコストである。コストを支払わず発動しないことを選んでもよい）,-
WDK07-E13,コードイート　ポッキン,https://www.takaratomy.co.jp/products/wixoss/img/card/WDK07/WDK07-E13.jpg,シグニ,精械：調理,青,3,-,-,-,8000,エルドラ限定,-,-,0,-,-,0,【自】：あなたのターン終了時、このシグニに【アクセ】が付いている場合、カードを１枚引く。,-
WDK07-E14,コードイート　ラムレーズン,https://www.takaratomy.co.jp/products/wixoss/img/card/WDK07/WDK07-E14.jpg,シグニ,精械：調理,青,3,-,-,-,7000,エルドラ限定,-,-,0,-,-,1,【常】：これにアクセされているシグニは「【自】：このシグニがアタックしたとき、対戦相手のシグニ１体を対象とし、ターン終了時まで、それのパワーをこのシグニのレベル１につき－2000する。」を得る。,：カードを１枚引く。
WDK07-E15,コードイート　コロアイス,https://www.takaratomy.co.jp/products/wixoss/img/card/WDK07/WDK07-E15.jpg,シグニ,精械：調理,青,2,-,-,-,5000,エルドラ限定,-,-,0,-,-,0,【出】：あなたのデッキの一番上を公開する。それが＜調理＞のシグニの場合、それをこのシグニの【アクセ】にする。,-
WDK07-E16,コードイート　グレゼリー,https://www.takaratomy.co.jp/products/wixoss/img/card/WDK07/WDK07-E16.jpg,シグニ,精械：調理,青,1,-,-,-,3000,-,-,-,0,-,-,0,-,-
WDK07-E17,コードイート　スイカアイス,https://www.takaratomy.co.jp/products/wixoss/img/card/WDK07/WDK07-E17.jpg,シグニ,精械：調理,青,1,-,-,-,1000,エルドラ限定,-,-,0,-,-,1,【自】：このシグニに【アクセ】が付いたとき、【エナチャージ１】をする。,：カードを１枚引く。
WDK07-E20,ＳＷＥＥＴ　ＣＨＡＲＧＥ,https://www.takaratomy.co.jp/products/wixoss/img/card/WDK07/WDK07-E20.jpg,スペル,-,青,-,-,《青》×０,-,-,エルドラ限定,-,-,0,-,-,0,以下の２つから１つを選ぶ。①対象のあなたの＜調理＞のシグニ１体を場からトラッシュに置く。そうした場合、あなたのデッキから＜調理＞のシグニ１枚を探して対象のあなたの＜調理＞のシグニ１体の【アクセ】にし、デッキをシャッフルする。②【エナチャージ１】（あなたのデッキの一番上のカードをエナゾーンに置く）,-
WDK07-Y01,花軍の巫女　ユキ,https://www.takaratomy.co.jp/products/wixoss/img/card/WDK07/WDK07-Y01.jpg,ルリグ,イオナ,白,4,《白》×０,-,11,-,-,-,-,0,2,-,0,【出】《白》：あなたの【シード】を好きな枚数対象とし、それらを開花する。（シグニがあるシグニゾーンの【シード】は開花しない）【起】《ターン１回》手札から＜植物＞のシグニを１枚捨てる：【エナチャージ２】,-
WDK07-Y02,花候の巫女　ユキ,https://www.takaratomy.co.jp/products/wixoss/img/card/WDK07/WDK07-Y02.jpg,ルリグ,イオナ,白,3,《白》×２,-,7,-,-,-,-,0,-,-,0,【出】：《コインアイコン》《コインアイコン》を得る。【出】：あなたのデッキの上からカードを４枚見る。その中からカード１枚を【シード】としてあなたのシグニゾーンに出してもよい。残りをシャッフルしてデッキの一番下に置く。（【シード】であるカードはシグニゾーン１つにつき１枚まで裏向きで置くことができ、開花することでシグニになる）,-
WDK07-Y03,花園の巫女　ユキ,https://www.takaratomy.co.jp/products/wixoss/img/card/WDK07/WDK07-Y03.jpg,ルリグ,イオナ,白,2,《白》×１,-,4,-,-,-,-,0,-,-,0,【出】《コインアイコン》：カードを１枚引く。（【出】能力の：の左側はコストである。コストを支払わず発動しないことを選んでもよい）【出】：あなたのデッキの上からカードを４枚見る。その中からカード１枚を【シード】としてあなたのシグニゾーンに出してもよい。残りをシャッフルしてデッキの一番下に置く。,-
WDK07-Y04,花影の巫女　ユキ,https://www.takaratomy.co.jp/products/wixoss/img/card/WDK07/WDK07-Y04.jpg,ルリグ,イオナ,白,1,《白》×０,-,2,-,-,-,-,0,-,-,0,【出】手札を１枚捨てる：《コインアイコン》を得る。【出】：あなたのデッキの上からカードを４枚見る。その中からカード１枚を【シード】としてあなたのシグニゾーンに出してもよい。残りをシャッフルしてデッキの一番下に置く。（【シード】であるカードはシグニゾーン１つにつき１枚まで裏向きで置くことができ、開花することでシグニになる）,-
WDK07-Y05,花蕾の巫女　ユキ,https://www.takaratomy.co.jp/products/wixoss/img/card/WDK07/WDK07-Y05.jpg,ルリグ,イオナ,白,0,《白》×０,-,0,-,-,-,-,0,-,-,0,-,-
WDK07-Y06,ハーベスト・フォース,https://www.takaratomy.co.jp/products/wixoss/img/card/WDK07/WDK07-Y06.jpg,アーツ,-,白,-,-,《白》×３《無》×３,-,-,-,-,アタックフェイズ,0,-,-,0,対戦相手のシグニ２体を対象とし、それらを手札に戻す。（１体のシグニだけに使用することはできない）,-
WDK07-Y07,ホワイト・シーディング,https://www.takaratomy.co.jp/products/wixoss/img/card/WDK07/WDK07-Y07.jpg,アーツ,-,白,-,-,《白》×２,-,-,イオナ限定,-,メインフェイズアタックフェイズ,0,-,-,0,ベット―《コインアイコン》あなたがベットする場合、このアーツの使用コストは《白×0》になる。あなたの【シード】１枚を対象とし、それを開花する。そのシグニゾーンにシグニがある場合、代わりにそのシグニを手札に戻してから開花する。あなたのデッキの上からカードを４枚見る。その中からカード１枚を【シード】としてあなたのシグニゾーンに出してもよい。残りをシャッフルしてデッキの一番下に置く。,-
WDK07-Y08,イクエス・ディフェンス,https://www.takaratomy.co.jp/products/wixoss/img/card/WDK07/WDK07-Y08.jpg,アーツ,-,白,-,-,《白》×３,-,-,イオナ限定,-,アタックフェイズ,0,-,-,0,ベット―《コインアイコン》ターン終了時まで、対象の対戦相手のシグニ１体は能力を失い、対象の対戦相手のシグニ１体は「【常】：アタックできない。」を得る。あなたがベットしていた場合、追加でターン終了時まで、対象の対戦相手のセンタールリグ１体は「【常】：アタックできない。」を得る。,-
WDK07-Y11,羅植　アネモネ,https://www.takaratomy.co.jp/products/wixoss/img/card/WDK07/WDK07-Y11.jpg,シグニ,精羅：植物,白,4,-,-,-,12000,イオナ限定,-,-,0,-,-,1,【自】：このシグニがバニッシュされたとき、手札から＜植物＞のシグニを１枚捨ててもよい。そうした場合、あなたのデッキの一番上を公開する。それが＜植物＞のシグニの場合、それを場に出す。【自】：このシグニが開花したとき、以下の２つから１つを選ぶ。①カードを１枚引き、【エナチャージ１】をする。②対戦相手のシグニ１体を対象とし、それを手札に戻す。,：対戦相手のシグニ１体を対象とし、それをダウンする。カードを１枚引く。
WDK07-Y12,羅植　ウメ,https://www.takaratomy.co.jp/products/wixoss/img/card/WDK07/WDK07-Y12.jpg,シグニ,精羅：植物,白,4,-,-,-,10000,イオナ限定,-,-,0,-,-,0,【起】《ターン１回》エナゾーンから＜植物＞のシグニ３枚をトラッシュに置く：対戦相手のシグニ１体を対象とし、それをトラッシュに置く。,-
WDK07-Y13,羅植　クジャクソウ,https://www.takaratomy.co.jp/products/wixoss/img/card/WDK07/WDK07-Y13.jpg,シグニ,精羅：植物,白,3,-,-,-,8000,イオナ限定,-,-,0,-,-,0,【出】エナゾーンから＜植物＞のシグニ２枚をトラッシュに置く：対戦相手のレベル３以下のシグニ１体を対象とし、あなたのターンの場合、それを手札に戻す。,-
WDK07-Y14,羅植　アベリア,https://www.takaratomy.co.jp/products/wixoss/img/card/WDK07/WDK07-Y14.jpg,シグニ,精羅：植物,白,3,-,-,-,7000,イオナ限定,-,-,0,-,-,1,【常】：このシグニは中央のシグニゾーンにあるかぎり、「【自】：このシグニがアタックしたとき、あなたの場に＜植物＞のシグニが３体ある場合、【エナチャージ２】をする。」を得る。【自】：このシグニが開花したとき、カードを１枚引く。,：カードを１枚引く。
WDK07-Y15,羅植　サンザカ,https://www.takaratomy.co.jp/products/wixoss/img/card/WDK07/WDK07-Y15.jpg,シグニ,精羅：植物,白,2,-,-,-,5000,イオナ限定,-,-,0,-,-,0,【自】：このシグニがバニッシュされたとき、《白》《無》を支払ってもよい。そうした場合、このシグニをエナゾーンから場に出す。,-
WDK07-Y16,羅植　パンジー,https://www.takaratomy.co.jp/products/wixoss/img/card/WDK07/WDK07-Y16.jpg,シグニ,精羅：植物,白,1,-,-,-,3000,-,-,-,0,-,-,0,-,-
WDK07-Y17,羅植　マーガレット,https://www.takaratomy.co.jp/products/wixoss/img/card/WDK07/WDK07-Y17.jpg,シグニ,精羅：植物,白,1,-,-,-,1000,イオナ限定,-,-,0,-,-,1,【常】：このシグニは対戦相手のシグニの効果によってバニッシュされない。（シグニとのバトルやパワーが０以下になった場合はバニッシュされる）,：カードを１枚引く。
WDK07-Y20,プラント・アレンジ,https://www.takaratomy.co.jp/products/wixoss/img/card/WDK07/WDK07-Y20.jpg,スペル,-,白,-,-,《白》×０,-,-,イオナ限定,-,-,0,-,-,0,以下の２つから１つを選ぶ。①対象のあなたの＜植物＞のシグニ１体を場からトラッシュに置く。そうした場合、対象のあなたの【シード】１枚を手札に加え、あなたのデッキの一番上を見て、それを【シード】としてあなたのシグニゾーンに出す。②【エナチャージ１】（あなたのデッキの一番上のカードをエナゾーンに置く）,-
WDK08-Y01,爪牙　遊月・肆,https://www.takaratomy.co.jp/products/wixoss/img/card/WDK08/WDK08-Y01.jpg,ルリグ,ユヅキ,緑,4,《緑》×０,-,11,-,-,-,-,0,2,-,0,【出】：対戦相手のシグニ１体を対象とし、あなたの手札から＜水獣＞のシグニを４枚公開する。そうした場合、カードを１枚引く。この方法でそれぞれレベルの異なるシグニ４枚が公開された場合、追加でそれをエナゾーンに置く。【起】《ターン１回》《メインフェイズアイコン》《アタックフェイズアイコン》《緑》手札から＜水獣＞のシグニを１枚捨てる：あなたの＜水獣＞のシグニ１体を対象とし、ターン終了時まで、それのパワーをこの方法で捨てたシグニのパワーと同じだけ＋（プラス）する。,-
WDK08-Y02,爪牙　遊月・参,https://www.takaratomy.co.jp/products/wixoss/img/card/WDK08/WDK08-Y02.jpg,ルリグ,ユヅキ,緑,3,《緑》×２,-,7,-,-,-,-,0,-,-,0,【出】：《コインアイコン》《コインアイコン》を得る。,-
WDK08-Y03,爪牙　遊月・弐,https://www.takaratomy.co.jp/products/wixoss/img/card/WDK08/WDK08-Y03.jpg,ルリグ,ユヅキ,緑,2,《緑》×１,-,4,-,-,-,-,0,-,-,0,【出】《コインアイコン》：カードを１枚引く。,-
WDK08-Y05,爪牙　遊月・零,https://www.takaratomy.co.jp/products/wixoss/img/card/WDK08/WDK08-Y05.jpg,ルリグ,ユヅキ,緑,0,《緑》×０,-,0,-,-,-,-,0,-,-,0,-,-
WDK08-Y06,遮断装甲,https://www.takaratomy.co.jp/products/wixoss/img/card/WDK08/WDK08-Y06.jpg,アーツ,-,緑,-,-,《緑》×３,-,-,ユヅキ限定,-,アタックフェイズ,0,-,-,0,ベット―《コインアイコン》あなたがベットする場合、このアーツの使用コストは《緑×1》になる。あなたのエナゾーンから＜水獣＞のシグニ１枚を対象とし、それを場に出す。ターン終了時まで、それのパワーを＋10000する。,-
WDK08-Y07,真空斬撃,https://www.takaratomy.co.jp/products/wixoss/img/card/WDK08/WDK08-Y07.jpg,アーツ,-,緑,-,-,《緑》×１,-,-,ユヅキ限定,-,アタックフェイズ,0,-,-,0,ベット―《コインアイコン》手札からシグニ１枚を公開する。その後、この方法で公開されたシグニのパワー以下の対戦相手のシグニ１体を対象とし、それをバニッシュする。あなたがベットしていた場合、代わりにこの方法で公開されたシグニのパワー以下の対戦相手のシグニ１体を対象とし、それをエナゾーンに置き、【エナチャージ１】をする。,-
WDK08-Y08,猛威継承,https://www.takaratomy.co.jp/products/wixoss/img/card/WDK08/WDK08-Y08.jpg,アーツ,-,緑,-,-,《緑》×０,-,-,-,-,メインフェイズ,0,-,-,0,あなたのエナゾーンにあるすべてのカードを手札に加える。その後、あなたの手札が５枚より多い場合、その差の分だけ手札からカードをエナゾーンに置く。（例えばエナゾーンからカードを加えて手札が７枚になった場合は２枚をエナゾーンに置く）,-
WDK08-Y09,鍵型闘娘　翠子,https://www.takaratomy.co.jp/products/wixoss/img/card/WDK08/WDK08-Y09.jpg,キー,-,緑,-,-,《コイン》×１,-,-,-,-,-,0,-,-,0,【常】：あなたのシグニのパワーを＋1000する。【出】：あなたのデッキの上からカードを３枚公開する。その中からすべての緑のカードをエナゾーンに置き、残りをトラッシュに置く。【起】《アタックフェイズアイコン》このキーを場からルリグトラッシュに置く：あなたのシグニ１体を対象とし、ターン終了時まで、それのパワーを＋20000する。,-
WDK08-Y11,幻水　スピノー,https://www.takaratomy.co.jp/products/wixoss/img/card/WDK08/WDK08-Y11.jpg,シグニ,精生：水獣,緑,4,-,-,-,12000,ユヅキ限定,-,-,0,-,-,1,【常】：このシグニはパワーが20000以上であるかぎり、バニッシュされない。【出】：あなたの手札から＜水獣＞のシグニを好きな枚数公開する。この方法でシグニを４枚以上公開した場合、ターン終了時まで、このシグニは【ランサー】を得る。６枚以上公開した場合、代わりに【Ｓランサー】を得る。,：対戦相手のシグニ１体を対象とし、《緑》を支払ってもよい。そうした場合、それをエナゾーンに置く。
WDK08-Y12,幻水　ダンクルテウス,https://www.takaratomy.co.jp/products/wixoss/img/card/WDK08/WDK08-Y12.jpg,シグニ,精生：水獣,緑,4,-,-,-,10000,ユヅキ限定,-,-,0,-,-,0,【自】：このカードがあなたの効果によって手札から公開されたとき、対戦相手のシグニ１体を対象とし、《緑》《緑》《無》《無》を支払い、手札から《幻水　ダンクルテウス》を１枚捨ててもよい。そうした場合、それをバニッシュする。,-
WDK08-Y13,幻水　カババン,https://www.takaratomy.co.jp/products/wixoss/img/card/WDK08/WDK08-Y13.jpg,シグニ,精生：水獣,緑,3,-,-,-,8000,ユヅキ限定,-,-,0,-,-,0,【自】：このカードがあなたの効果によって手札から公開されたとき、あなたのシグニ１体を対象とし、手札から《幻水　カババン》を１枚捨ててもよい。そうした場合、ターン終了時まで、それのパワーを＋5000する。,-
WDK08-Y14,幻水　メガネワニ,https://www.takaratomy.co.jp/products/wixoss/img/card/WDK08/WDK08-Y14.jpg,シグニ,精生：水獣,緑,3,-,-,-,7000,ユヅキ限定,-,-,0,-,-,1,【自】：このシグニがアタックしたとき、あなたのエナゾーンから＜水獣＞のシグニを１枚まで対象とし、手札から＜水獣＞のシグニを２枚公開してもよい。そうした場合、それを手札に加える。,：カードを１枚引く。
WDK08-Y15,幻水　アマケロ,https://www.takaratomy.co.jp/products/wixoss/img/card/WDK08/WDK08-Y15.jpg,シグニ,精生：水獣,緑,2,-,-,-,5000,ユヅキ限定,-,-,0,-,-,0,【自】：あなたが自分の効果によって手札からカードを１枚以上公開したとき、ターン終了時まで、このシグニのパワーを＋5000する。（同時に２枚以上公開しても一度しか発動しない）,-
WDK08-Y16,幻水　スイギュ,https://www.takaratomy.co.jp/products/wixoss/img/card/WDK08/WDK08-Y16.jpg,シグニ,精生：水獣,緑,1,-,-,-,3000,-,-,-,0,-,-,0,-,-
WDK08-Y17,幻水　ケロモドキ,https://www.takaratomy.co.jp/products/wixoss/img/card/WDK08/WDK08-Y17.jpg,シグニ,精生：水獣,緑,1,-,-,-,1000,ユヅキ限定,-,-,0,-,-,1,【出】《緑》：あなたの手札から＜水獣＞のシグニを３枚公開する。そうした場合、ターン終了時まで、このシグニのパワーを＋1000し、このシグニは【ランサー】を得る。（【ランサー】か【Ｓランサー】を持つシグニがバトルでシグニをバニッシュしたとき、対戦相手のライフクロス１枚をクラッシュする。対戦相手のライフクロスが無い場合【Ｓランサー】を持つシグニは代わりにダメージを与える）,：カードを１枚引く。
WDK08-Y20,斬衝,https://www.takaratomy.co.jp/products/wixoss/img/card/WDK08/WDK08-Y20.jpg,スペル,-,緑,-,-,《緑》×０,-,-,ユヅキ限定,-,-,0,-,-,0,以下の２つから１つを選ぶ。①あなたの＜水獣＞のシグニ１体を対象とし、それを場からトラッシュに置く。その後、この方法でトラッシュに置いたシグニのパワー以下の対戦相手のシグニ１体を対象とし、それをバニッシュする。②【エナチャージ１】（あなたのデッキの一番上のカードをエナゾーンに置く）,-
WDK08-L01,英血の器　優羽莉　Ｌｖ４,https://www.takaratomy.co.jp/products/wixoss/img/card/WDK08/WDK08-L01.jpg,ルリグ,LoV,赤,4,《赤》×０,-,11,-,-,-,-,0,-,-,0,【自】《ターン１回》：あなたの＜紅蓮＞のシグニ１体が血晶武装状態になったとき、カードを１枚引く。【出】《赤》：あなたのデッキの上からカードを５枚公開する。その中から＜紅蓮＞のシグニを２枚まで手札に加え、残りをトラッシュに置く。【起】《ターン１回》《赤×0》：あなたの＜紅蓮＞のシグニ１体を対象とし、それを血晶武装［手札］する。,-
WDK08-L02,英血の器　優羽莉　Ｌｖ３,https://www.takaratomy.co.jp/products/wixoss/img/card/WDK08/WDK08-L02.jpg,ルリグ,LoV,赤,3,《赤》×２,-,7,-,-,-,-,0,-,-,0,【出】《赤》：《コインアイコン》を得る。【起】《ターン１回》《赤×0》：あなたの＜紅蓮＞のシグニ１体を対象とし、それを血晶武装［手札］する。（指定された領域［手札］からシグニの下にそれと同名のカード１枚を置くことでそのシグニは血晶武装状態になる）,-
WDK08-L03,英血の器　優羽莉　Ｌｖ２,https://www.takaratomy.co.jp/products/wixoss/img/card/WDK08/WDK08-L03.jpg,ルリグ,LoV,赤,2,《赤》×１,-,4,-,-,-,-,0,-,-,0,【出】《コインアイコン》：カードを１枚引く。【起】《ターン１回》《赤×0》：あなたの＜紅蓮＞のシグニ１体を対象とし、それを血晶武装［手札］する。（指定された領域［手札］からシグニの下にそれと同名のカード１枚を置くことでそのシグニは血晶武装状態になる）,-
WDK08-L04,英血の器　優羽莉　Ｌｖ１,https://www.takaratomy.co.jp/products/wixoss/img/card/WDK08/WDK08-L04.jpg,ルリグ,LoV,赤,1,《赤》×０,-,2,-,-,-,-,0,-,-,0,【出】手札を１枚捨てる：《コインアイコン》を得る。（【出】能力の：の左側はコストである。コストを支払わず発動しないことを選んでもよい）【起】《ターン１回》《赤×0》：あなたの＜紅蓮＞のシグニ１体を対象とし、それを血晶武装［手札］する。（指定された領域［手札］からシグニの下にそれと同名のカード１枚を置くことでそのシグニは血晶武装状態になる）,-
WDK08-L05,英血の器　優羽莉　Ｌｖ０,https://www.takaratomy.co.jp/products/wixoss/img/card/WDK08/WDK08-L05.jpg,ルリグ,LoV,赤,0,《赤》×０,-,0,-,-,-,-,0,3,-,0,-,-
WDK08-L06,血晶紅盾,https://www.takaratomy.co.jp/products/wixoss/img/card/WDK08/WDK08-L06.jpg,アーツ,-,赤,-,-,《赤》×３,-,-,ＬｏＶ限定,-,アタックフェイズ,0,-,-,0,あなたのシグニ１体を対象とし、ターン終了時まで、それは「【常】：バニッシュされない。」を得る。このターン、次にあなたがダメージを受ける場合、代わりにダメージを受けない。,-
WDK08-L07,血晶拡充,https://www.takaratomy.co.jp/products/wixoss/img/card/WDK08/WDK08-L07.jpg,アーツ,-,赤,-,-,《赤》×０,-,-,ＬｏＶ限定,-,メインフェイズ,0,-,-,0,以下の２つから１つを選ぶ。①あなたのデッキから＜紅蓮＞のシグニを２枚まで探して公開し手札に加え、デッキをシャッフルする。②あなたのトラッシュから＜紅蓮＞のシグニを２枚まで対象とし、それらを手札に加える。,-
WDK08-L08,血晶魔杖,https://www.takaratomy.co.jp/products/wixoss/img/card/WDK08/WDK08-L08.jpg,アーツ,-,赤,-,-,《赤》×１,-,-,-,-,アタックフェイズ,0,-,-,0,ベット―《コインアイコン》《コインアイコン》《コインアイコン》《コインアイコン》対戦相手のパワー10000以下のシグニ１体を対象とし、それをバニッシュする。あなたがベットしていた場合、代わりに対戦相手のすべてのシグニをバニッシュする。,-
WDK08-L09,ＡＶＡＬ科学財団,https://www.takaratomy.co.jp/products/wixoss/img/card/WDK08/WDK08-L09.jpg,キー,-,赤,-,-,《コイン》×１,-,-,-,-,-,0,-,-,0,【常】：あなたのターンの間、あなたの赤のシグニのパワーを＋2000する。【出】：あなたのセンタールリグが＜ＬｏＶ＞の場合、あなたのデッキから＜紅蓮＞のシグニ１枚を探して公開し手札に加え、デッキをシャッフルする。【起】このキーを場からルリグトラッシュに置く：あなたのトラッシュから赤のシグニを２枚まで対象とし、それらを手札に加える。,-
WDK08-L11,紅蓮の使い魔　ツクヨミ,https://www.takaratomy.co.jp/products/wixoss/img/card/WDK08/WDK08-L11.jpg,シグニ,精械：紅蓮/古代兵器,赤,4,-,-,-,12000,ＬｏＶ限定,-,-,0,-,-,1,【常】：このシグニは血晶武装状態であるかぎり、「【自】：このシグニがアタックしたとき、対戦相手のシグニを２体まで対象とし、《赤》《赤》を支払ってもよい。そうした場合、それらをバニッシュする。」を得る。【出】《赤》《赤》：あなたのトラッシュから《紅蓮の使い魔　ツクヨミ》以外の＜紅蓮＞のシグニ１枚を対象とし、それを手札に加える。,：対戦相手のパワー12000以下のシグニ１体を対象とし、それをバニッシュする。
WDK08-L12,紅蓮の使い魔　イザナミ,https://www.takaratomy.co.jp/products/wixoss/img/card/WDK08/WDK08-L12.jpg,シグニ,精械：紅蓮/古代兵器,赤,4,-,-,-,10000,ＬｏＶ限定,-,-,0,-,-,0,【起】《ターン１回》《赤》：あなたのデッキから《紅蓮の使い魔　イザナミ》以外の＜紅蓮＞のシグニ１枚を探して公開し手札に加え、デッキをシャッフルする。,-
WDK08-L13,紅蓮の使い魔　アマテラス,https://www.takaratomy.co.jp/products/wixoss/img/card/WDK08/WDK08-L13.jpg,シグニ,精械：紅蓮/古代兵器,赤,3,-,-,-,8000,ＬｏＶ限定,-,-,0,-,-,0,【常】：あなたの血晶武装状態のシグニは【ダブルクラッシュ】を得る。（【ダブルクラッシュ】を持つシグニがアタックによってダメージを与えた場合ライフクロスを１枚ではなく２枚クラッシュする）,-
WDK08-L14,紅蓮の使い魔　清姫,https://www.takaratomy.co.jp/products/wixoss/img/card/WDK08/WDK08-L14.jpg,シグニ,精械：紅蓮/古代兵器,赤,3,-,-,-,7000,ＬｏＶ限定,-,-,0,-,-,1,【自】：このシグニがアタックしたとき、以下の３つから１つを選ぶ。このシグニが血晶武装状態の場合、代わりに３つまで選ぶ。同じ選択肢を２回以上選んでもよい。①ターン終了時まで、対戦相手のすべてのシグニのパワーを－1000する。②対戦相手のシグニ１体を対象とし、それのパワーが4000以下の場合、それをバニッシュする。③カードを２枚引き、手札を２枚捨てる。,：カードを１枚引く。
WDK08-L15,紅蓮の使い魔　コノハナサクヤ,https://www.takaratomy.co.jp/products/wixoss/img/card/WDK08/WDK08-L15.jpg,シグニ,精械：紅蓮/古代兵器,赤,2,-,-,-,5000,ＬｏＶ限定,-,-,0,-,-,0,【常】：このシグニは血晶武装状態であるかぎり、【アサシン】を得る。（【アサシン】を持つシグニがアタックすると正面のシグニとバトルをせず対戦相手にダメージを与える）【自】：このシグニがアタックしたとき、対戦相手のパワー1000以下のシグニ１体を対象とし、《赤》を支払ってもよい。そうした場合、それをバニッシュする。,-
WDK08-L16,紅蓮の使い魔　アマデウス,https://www.takaratomy.co.jp/products/wixoss/img/card/WDK08/WDK08-L16.jpg,シグニ,精械：紅蓮/古代兵器,赤,1,-,-,-,3000,-,-,-,0,-,-,0,-,-
WDK08-L17,紅蓮の使い魔　セルディッド,https://www.takaratomy.co.jp/products/wixoss/img/card/WDK08/WDK08-L17.jpg,シグニ,精械：紅蓮/古代兵器,赤,1,-,-,-,1000,ＬｏＶ限定,-,-,0,-,-,1,【自】《ターン１回》：あなたのシグニ１体が血晶武装状態になったとき、カードを１枚引き、手札を１枚捨てる。,：カードを１枚引く。
WDK08-L20,血晶の斧撃,https://www.takaratomy.co.jp/products/wixoss/img/card/WDK08/WDK08-L20.jpg,スペル,-,赤,-,-,《赤》×０,-,-,ＬｏＶ限定,-,-,0,-,-,0,以下の２つから１つを選ぶ。①対象のあなたの＜紅蓮＞のシグニ１体を場からトラッシュに置く。そうした場合、対象の対戦相手のパワー12000以下のシグニ１体をバニッシュする。②【エナチャージ１】（あなたのデッキの一番上のカードをエナゾーンに置く）,-
WDK09-001,奏世の鍵主　ウムル＝フィーラ,https://www.takaratomy.co.jp/products/wixoss/img/card/WDK09/WDK09-001.jpg,ルリグ,ウムル,青,4,《青》×０,-,11,-,-,-,-,0,3,-,0,【出】：対戦相手のシグニゾーン１つに【ゲート】１つを置く。カードを１枚引く。【自】：対戦相手のアタックフェイズ開始時、対戦相手はデッキの一番上を公開する。それが【ライフバースト】を持たない場合、このターン、対戦相手は【ゲート】があるシグニゾーンにあるシグニでアタックできない。【起】《ゲーム１回》プライマル《コインアイコン》：対戦相手は、【ゲート】がある自分のシグニゾーンにあるすべてのシグニをデッキに加えてシャッフルする。,-
WDK09-002,奏世の鍵主　ウムル＝トレ,https://www.takaratomy.co.jp/products/wixoss/img/card/WDK09/WDK09-002.jpg,ルリグ,ウムル,青,3,《青》×２,-,7,-,-,-,-,0,-,-,0,【出】：《コインアイコン》を得る。,-
WDK09-003,奏世の鍵主　ウムル＝トヴォ,https://www.takaratomy.co.jp/products/wixoss/img/card/WDK09/WDK09-003.jpg,ルリグ,ウムル,青,2,《青》×１,-,4,-,-,-,-,0,-,-,0,【出】《コインアイコン》：カードを１枚引く。,-
WDK09-004,奏世の鍵主　ウムル＝エット,https://www.takaratomy.co.jp/products/wixoss/img/card/WDK09/WDK09-004.jpg,ルリグ,ウムル,青,1,《青》×０,-,2,-,-,-,-,0,-,-,0,【出】手札を１枚捨てる：《コインアイコン》を得る。（【出】能力の：の左側はコストである。コストを支払わず発動しないことを選んでもよい）,-
WDK09-005,奏世の鍵主　ウムル＝ノル,https://www.takaratomy.co.jp/products/wixoss/img/card/WDK09/WDK09-005.jpg,ルリグ,ウムル,青,0,《青》×０,-,0,-,-,アンシエント・サプライズ,-,0,-,-,0,-,-
WDK09-006,ブリリアント・エコー,https://www.takaratomy.co.jp/products/wixoss/img/card/WDK09/WDK09-006.jpg,アーツ,-,青,-,-,《青》×３《無》×３,-,-,ウムル限定,-,メインフェイズ,0,-,-,0,アンコール－《コインアイコン》《コインアイコン》（アンコールコストを追加で支払って使用してもよい。そうした場合、これは追加で「このカードをルリグデッキに戻す。」を得る）対戦相手のシグニゾーン１つに【ゲート】１つを置く。,-
WDK09-008,フォルテ・バレーノ,https://www.takaratomy.co.jp/products/wixoss/img/card/WDK09/WDK09-008.jpg,アーツ,-,青,-,-,《青》×１,-,-,ウムル限定,-,メインフェイズ,0,-,-,0,カードを２枚引く。対戦相手の場にキーがある場合、対戦相手は手札を２枚捨てる。,-
WDK09-009,眩しき者　タウィル,https://www.takaratomy.co.jp/products/wixoss/img/card/WDK09/WDK09-009.jpg,キー,-,白,-,-,《コイン》×１,-,-,-,-,-,0,-,-,0,【常】：あなたのセンタールリグは以下の能力を得る。【起】《アタックフェイズアイコン》エクシード２（あなたのルリグの下からカードを合計２枚ルリグトラッシュに置く）：対戦相手のシグニ１体を対象とし、ターン終了時まで、それは「【常】：アタックできない。」を得る。【常】：対戦相手の手札の上限は１減る。【出】：あなたのセンタールリグが＜ウムル＞の場合、カードを１枚引く。,-
WDK09-010,レイズ・オブ・エッジ,https://www.takaratomy.co.jp/products/wixoss/img/card/WDK09/WDK09-010.jpg,アーツ,-,無,-,-,《無》×２,-,-,-,-,メインフェイズアタックフェイズ,0,-,-,0,対戦相手のシグニ１体を対象とし、それをトラッシュに置く。,-
WDK09-011,コードメイズ　リュウジョウ,https://www.takaratomy.co.jp/products/wixoss/img/card/WDK09/WDK09-011.jpg,シグニ,精械：迷宮,青,4,-,-,-,12000,ウムル限定,-,-,0,-,-,1,【自】：対戦相手のアタックフェイズ開始時、数字１つを宣言する。対戦相手のデッキの一番上のカードをトラッシュに置く。それが宣言した数字と同じレベルのシグニの場合、カードを１枚引く。【出】《青》：【ゲート】があるシグニゾーンにある対戦相手のシグニ１体を対象とし、それをデッキの上から三番目に置く。,：手札を１枚捨てる。対象の対戦相手のシグニ１体をデッキの一番上に置く。
WDK09-012,コードメイズ　パブロペ,https://www.takaratomy.co.jp/products/wixoss/img/card/WDK09/WDK09-012.jpg,シグニ,精械：迷宮,青,4,-,-,-,10000,ウムル限定,-,-,0,-,-,0,【起】《青》《青》《ダウン》：対戦相手のシグニ１体を対象とし、それをデッキの上から三番目に置く。,-
WDK09-013,コードメイズ　Ｂ・スカイジュ,https://www.takaratomy.co.jp/products/wixoss/img/card/WDK09/WDK09-013.jpg,シグニ,精械：迷宮,青,3,-,-,-,8000,ウムル限定,-,-,0,-,-,0,【自】：あなたの効果１つによって対戦相手のカードが１枚以上デッキに移動したとき、対戦相手のシグニ１体を対象とし、ターン終了時まで、それのパワーを－2000する。（１つの効果で２枚以上移動しても一度しか発動しない）（パワーが０以下のシグニはルールによってバニッシュされる）【出】：対戦相手のトラッシュからカードを２枚まで対象とし、それらをデッキの一番下に置く。（置く順番は対戦相手が選ぶ）,-
WDK09-014,コードメイズ　オタル,https://www.takaratomy.co.jp/products/wixoss/img/card/WDK09/WDK09-014.jpg,シグニ,精械：迷宮,青,3,-,-,-,7000,ウムル限定,-,-,0,-,-,1,【自】：あなたのアタックフェイズ開始時、このターンに対戦相手のカードがあなたの効果によって４枚以上デッキに移動していた場合、カードを１枚引く。【自】：このシグニがアタックしたとき、このターンに対戦相手のカードがあなたの効果によって１枚以上デッキに移動していた場合、カードを１枚引く。,：カードを１枚引く。
WDK09-015,コードメイズ　バンクバ,https://www.takaratomy.co.jp/products/wixoss/img/card/WDK09/WDK09-015.jpg,シグニ,精械：迷宮,青,2,-,-,-,3000,ウムル限定,-,-,0,-,-,1,【起】《ターン１回》《メインフェイズアイコン》《アタックフェイズアイコン》《青×0》：対戦相手のトラッシュから対象のカード１枚をデッキの一番下に置く。そうした場合、対象のシグニ１体を他のシグニゾーンに配置してもよい。（既にシグニのあるシグニゾーンには配置できない）,：【エナチャージ１】
WDK09-016,コードメイズ　カイユー,https://www.takaratomy.co.jp/products/wixoss/img/card/WDK09/WDK09-016.jpg,シグニ,精械：迷宮,青,1,-,-,-,3000,-,-,-,0,-,-,0,-,-
WDK09-017,コードメイズ　マリナカ,https://www.takaratomy.co.jp/products/wixoss/img/card/WDK09/WDK09-017.jpg,シグニ,精械：迷宮,青,1,-,-,-,1000,ウムル限定,-,-,0,-,-,1,【出】：このシグニが中央のシグニゾーンに出ていた場合、対戦相手の手札を見て無色ではないカードを１枚まで選ぶ。カードを１枚選んだ場合、対戦相手はそれをデッキの一番下に置きカードを１枚引く。,：カードを１枚引く。
WDK09-022,ＢＲＩＧＨＴＮＥＳＳ,https://www.takaratomy.co.jp/products/wixoss/img/card/WDK09/WDK09-022.jpg,スペル,-,青,-,-,《青》×０,-,-,ウムル限定,-,-,0,-,-,0,以下の２つから１つを選ぶ。①対象のあなたの＜迷宮＞のシグニ１体を場からトラッシュに置く。そうした場合、あなたのトラッシュから対象の＜迷宮＞のシグニ１枚を手札に加える。②【エナチャージ１】（あなたのデッキの一番上のカードをエナゾーンに置く）,-
WDK10-001,爆掃の閻魔　ウリス,https://www.takaratomy.co.jp/products/wixoss/img/card/WDK10/WDK10-001.jpg,ルリグ,ウリス,黒,4,《黒》×０,-,11,-,-,-,-,0,2,-,0,【出】：あなたのトラッシュから＜龍獣＞のシグニを２枚まで対象とし、それらを手札に加える。【起】《ターン１回》トラッシュにあるカード１枚をゲームから除外する：対戦相手は、自分のエナゾーンからカード１枚を対象とし、手札を１枚捨てないかぎりそれをトラッシュに置く。【起】《ゲーム１回》ディスペア《コインアイコン》：あなたのトラッシュから＜龍獣＞のシグニ１枚を対象とし、あなたのライフクロスが０枚の場合、それをライフクロスに加える。,-
WDK10-003,砕悩の閻魔　ウリス,https://www.takaratomy.co.jp/products/wixoss/img/card/WDK10/WDK10-003.jpg,ルリグ,ウリス,黒,2,《黒》×１,-,4,-,-,-,-,0,-,-,0,【出】《コインアイコン》：カードを１枚引く。,-
WDK10-004,奇虐の閻魔　ウリス,https://www.takaratomy.co.jp/products/wixoss/img/card/WDK10/WDK10-004.jpg,ルリグ,ウリス,黒,1,《黒》×０,-,2,-,-,-,-,0,-,-,0,【出】手札を１枚捨てる：《コインアイコン》を得る。（【出】能力の：の左側はコストである。コストを支払わず発動しないことを選んでもよい）,-
WDK10-005,煉弾の閻魔　ウリス,https://www.takaratomy.co.jp/products/wixoss/img/card/WDK10/WDK10-005.jpg,ルリグ,ウリス,黒,0,《黒》×０,-,0,-,-,-,-,0,-,-,0,-,-
WDK10-006,ブラッディ・ストライク,https://www.takaratomy.co.jp/products/wixoss/img/card/WDK10/WDK10-006.jpg,アーツ,-,黒,-,-,《黒》×３《無》×３,-,-,-,-,アタックフェイズ,0,-,-,0,対戦相手のシグニ２体を対象とし、ターン終了時まで、それらのパワーをそれぞれ－15000する。（１体のシグニだけに使用することはできない）,-
WDK10-007,サーベイジ・イリュージョン,https://www.takaratomy.co.jp/products/wixoss/img/card/WDK10/WDK10-007.jpg,アーツ,-,黒,-,-,《黒》×２,-,-,ウリス限定,-,アタックフェイズ,0,-,-,0,ターン終了時まで、対象の対戦相手のシグニ１体のパワーを－8000する。対戦相手の場にキーがある場合、あなたのトラッシュから対象の＜龍獣＞のシグニ１枚を場に出す。そのシグニの【出】能力は発動しない。,-
WDK10-008,ヴェイパー・コントロール,https://www.takaratomy.co.jp/products/wixoss/img/card/WDK10/WDK10-008.jpg,アーツ,-,黒,-,-,《黒》×１,-,-,ウリス限定,-,メインフェイズアタックフェイズスペルカットイン,0,-,-,0,ベット―《コインアイコン》《コインアイコン》対戦相手のトラッシュにあるカード３枚を対象とし、それらをゲームから除外する。その後、それらがそれぞれ共通する色を持つ場合、あなたのトラッシュから黒のシグニを２枚まで対象とし、それらを手札に加える。あなたがベットしていた場合、代わりにあなたのトラッシュから黒のシグニを４枚まで対象とし、それらを手札に加える。,-
WDK10-009,魅惑の冥者　ハナレ,https://www.takaratomy.co.jp/products/wixoss/img/card/WDK10/WDK10-009.jpg,キー,-,黒,-,-,《コイン》×１,-,-,-,-,-,0,-,-,0,【出】：あなたのデッキの上からカードを３枚トラッシュに置く。その後、あなたのトラッシュから黒のシグニ１枚を対象とし、それを手札に加える。あなたのセンタールリグが＜ウリス＞の場合、追加で黒のシグニ１枚を対象とし、それを手札に加える。【起】《ターン１回》手札を１枚捨てる：対戦相手のシグニゾーン１つを指定する。次のあなたのターンまで、指定されたシグニゾーンにあるシグニのパワーをそのシグニのレベル１につき－2000する。,-
WDK10-011,幻竜　アン＝ミラ,https://www.takaratomy.co.jp/products/wixoss/img/card/WDK10/WDK10-011.jpg,シグニ,精生：龍獣,黒,4,-,-,-,12000,ウリス限定,-,-,0,-,-,1,【自】《ターン２回》：ガードステップ以外であなたが手札を１枚捨てたとき、対戦相手のシグニ１体を対象とし、ターン終了時まで、それのパワーを－6000する。【出】手札から＜龍獣＞のシグニを１枚捨てる：あなたのトラッシュからレベル３以下の＜龍獣＞のシグニ１枚を対象とし、それを場に出す。,：対戦相手のシグニ１体を対象とし、ターン終了時まで、それのパワーを－12000する。
WDK10-012,幻竜　ペイモン,https://www.takaratomy.co.jp/products/wixoss/img/card/WDK10/WDK10-012.jpg,シグニ,精生：龍獣,黒,4,-,-,-,10000,ウリス限定,-,-,0,-,-,0,【出】《黒》：あなたのデッキの上からカードを４枚トラッシュに置く。その後、あなたのトラッシュから＜龍獣＞のシグニ１枚を対象とし、それを手札に加える。,-
WDK10-013,幻竜　キュリア,https://www.takaratomy.co.jp/products/wixoss/img/card/WDK10/WDK10-013.jpg,シグニ,精生：龍獣,黒,3,-,-,-,8000,ウリス限定,-,-,0,-,-,0,【常】：あなたのトラッシュに＜龍獣＞のシグニが５枚以上あるかぎり、このシグニのパワーは＋4000される。【自】：このシグニがアタックしたとき、あなたのトラッシュに＜龍獣＞のシグニが１０枚以上ある場合、対戦相手のデッキの上からカードを４枚トラッシュに置く。,-
WDK10-014,幻竜　ベルゼブブ,https://www.takaratomy.co.jp/products/wixoss/img/card/WDK10/WDK10-014.jpg,シグニ,精生：龍獣,黒,3,-,-,-,7000,ウリス限定,-,-,0,-,-,1,【自】：このシグニがアタックしたとき、対戦相手のシグニ１体を対象とし、手札から＜龍獣＞のシグニを１枚捨ててもよい。そうした場合、ターン終了時まで、それのパワーを－8000する。（パワーが０以下のシグニはルールによってバニッシュされる）,：カードを１枚引く。
WDK10-015,幻竜　コスド,https://www.takaratomy.co.jp/products/wixoss/img/card/WDK10/WDK10-015.jpg,シグニ,精生：龍獣,黒,2,-,-,-,3000,ウリス限定,-,-,0,-,-,1,【自】：このシグニがアタックしたとき、手札から＜龍獣＞のシグニを１枚捨ててもよい。その後、パワーがこの方法で捨てたシグニのパワーの半分以下の対戦相手のシグニ１体を対象とし、それをバニッシュする。,：【エナチャージ１】
WDK10-016,幻竜　インプ,https://www.takaratomy.co.jp/products/wixoss/img/card/WDK10/WDK10-016.jpg,シグニ,精生：龍獣,黒,1,-,-,-,3000,-,-,-,0,-,-,0,-,-
WDK10-017,幻竜　スクブス,https://www.takaratomy.co.jp/products/wixoss/img/card/WDK10/WDK10-017.jpg,シグニ,精生：龍獣,黒,1,-,-,-,1000,ウリス限定,-,-,0,-,-,1,【出】：あなたのデッキの上からカードを３枚トラッシュに置く。この方法で＜龍獣＞のシグニが３枚トラッシュに置かれた場合、各プレイヤーは手札を１枚捨てる。,：カードを１枚引く。
WDK10-022,テクニカル・ボア,https://www.takaratomy.co.jp/products/wixoss/img/card/WDK10/WDK10-022.jpg,スペル,-,黒,-,-,《黒》×０,-,-,ウリス限定,-,-,0,-,-,0,以下の２つから１つを選ぶ。①対象のあなたの＜龍獣＞のシグニ１体を場からトラッシュに置く。そうした場合、あなたのトラッシュから対象の＜龍獣＞のシグニ１枚を手札に加える。②【エナチャージ１】（あなたのデッキの一番上のカードをエナゾーンに置く）,-
WDK11-001,エマ　レベル４,https://www.takaratomy.co.jp/products/wixoss/img/card/WDK11/WDK11-001.jpg,ルリグ,エマ,白,4,《白》×０,-,11,-,-,-,-,0,-,-,0,【自】：このルリグがアタックしたとき、あなたの場に《ＧＦ　ノーマン＆レイ》がいる場合、《白》を支払ってもよい。その後、この方法で《白》を支払った場合、あなたのトラッシュから＜英知＞のシグニ１枚を対象とし、それを手札に加える。【自】：このルリグがアタックしたとき、あなたの場に＜英知＞のシグニがある場合、カードを１枚引く。【出】：あなたのルリグデッキから《ＧＦ　ノーマン＆レイ》１枚を場に出す。,-
WDK11-002,エマ　レベル３,https://www.takaratomy.co.jp/products/wixoss/img/card/WDK11/WDK11-002.jpg,ルリグ,エマ,白,3,《白》×２,-,8,-,-,-,-,0,-,-,0,-,-
WDK11-003,エマ　レベル２,https://www.takaratomy.co.jp/products/wixoss/img/card/WDK11/WDK11-003.jpg,ルリグ,エマ,白,2,《白》×１,-,5,-,-,-,-,0,-,-,0,-,-
WDK11-004,エマ　レベル１,https://www.takaratomy.co.jp/products/wixoss/img/card/WDK11/WDK11-004.jpg,ルリグ,エマ,白,1,《白》×０,-,2,-,-,-,-,0,-,-,0,【出】手札を１枚捨てる：カードを１枚引く。（【出】能力の：の左側はコストである。コストを支払わず発動しないことを選んでもよい）,-
WDK11-005,エマ　レベル０,https://www.takaratomy.co.jp/products/wixoss/img/card/WDK11/WDK11-005.jpg,ルリグ,エマ,白,0,《白》×０,-,0,-,-,-,-,0,-,-,0,-,-
WDK11-007,サドゥン・クエスチョン,https://www.takaratomy.co.jp/products/wixoss/img/card/WDK11/WDK11-007.jpg,アーツ,-,白,-,-,《白》×２,-,-,エマ限定,-,アタックフェイズ,0,-,-,0,ターン終了時まで、対象の対戦相手のシグニ１体は「【常】：アタックできない。」を得る。対戦相手の場にキーがある場合、追加でターン終了時まで、対象の対戦相手のシグニ１体は「【常】：アタックできない。」を得る。,-
WDK11-008,スタディ・ハード,https://www.takaratomy.co.jp/products/wixoss/img/card/WDK11/WDK11-008.jpg,アーツ,-,白,-,-,《白》×０,-,-,エマ限定,-,メインフェイズ,0,-,-,0,あなたのデッキからシグニを２枚まで探して公開し手札に加え、デッキをシャッフルする。,-
WDK11-009,ＧＦ　ノーマン＆レイ,https://www.takaratomy.co.jp/products/wixoss/img/card/WDK11/WDK11-009.jpg,キー,-,白,-,-,《コイン》×１《白》×２,-,-,エマ限定,-,-,0,-,-,0,【常】：あなたのセンタールリグは以下の能力を得る。【起】《アタックフェイズアイコン》エクシード２（あなたのルリグの下からカードを合計２枚ルリグトラッシュに置く）：対戦相手のシグニ１体を対象とし、ターン終了時まで、それは「【常】：アタックできない。」を得る。【出】：対戦相手のシグニを２体まで対象とし、それらを手札に戻す。,-
WDK11-011,ＧＦ　イザベラ,https://www.takaratomy.co.jp/products/wixoss/img/card/WDK11/WDK11-011.jpg,シグニ,精像：英知,白,4,-,-,-,12000,エマ限定,-,-,0,-,-,1,【自】：このシグニがアタックしたとき、対戦相手のシグニ１体を対象とし、あなたの他のシグニ１体を場からトラッシュに置いてもよい。そうした場合、それをバニッシュする。【出】《白》《白》：あなたのデッキから《ＧＦ　イザベラ》以外の＜英知＞のシグニ１枚を探して場に出し、デッキをシャッフルする。,：対戦相手のシグニ１体を対象とし、それを手札に戻す。
WDK11-012,ＧＦ　クローネ,https://www.takaratomy.co.jp/products/wixoss/img/card/WDK11/WDK11-012.jpg,シグニ,精像：英知,白,4,-,-,-,10000,エマ限定,-,-,0,-,-,0,【出】：対戦相手のシグニ１体を対象とし、あなたの場に《ＧＦ　イザベラ》がある場合、それを手札に戻す。,-
WDK11-013,ＧＦ　アンナ,https://www.takaratomy.co.jp/products/wixoss/img/card/WDK11/WDK11-013.jpg,シグニ,精像：英知,白,3,-,-,-,7000,エマ限定,-,-,0,-,-,1,【自】：このシグニがアタックしたとき、【エナチャージ１】をする。,：【エナチャージ１】
WDK11-014,ＧＦ　ギルダ,https://www.takaratomy.co.jp/products/wixoss/img/card/WDK11/WDK11-014.jpg,シグニ,精像：英知,白,3,-,-,-,7000,エマ限定,-,-,0,-,-,1,【出】手札を１枚捨てる：対戦相手のレベル３以下のシグニ１体を対象とし、それを手札に戻す。,：カードを１枚引く。
WDK11-015,ＧＦ　旅立ちコニー,https://www.takaratomy.co.jp/products/wixoss/img/card/WDK11/WDK11-015.jpg,シグニ,精像：英知,白,2,-,-,-,7000,エマ限定,-,-,0,-,-,0,-,-
WDK11-016,ＧＦ　コニー,https://www.takaratomy.co.jp/products/wixoss/img/card/WDK11/WDK11-016.jpg,シグニ,精像：英知,白,1,-,-,-,3000,エマ限定,-,-,0,-,-,0,-,-
WDK11-017,ＧＦ　ナイラ,https://www.takaratomy.co.jp/products/wixoss/img/card/WDK11/WDK11-017.jpg,シグニ,精像：英知,白,1,-,-,-,1000,エマ限定,-,-,0,-,-,1,【出】手札から＜英知＞のシグニを１枚捨てる：あなたのデッキから白のスペル１枚を探して公開し手札に加え、デッキをシャッフルする。,：カードを１枚引く。
WDK11-022,モーニング・コール,https://www.takaratomy.co.jp/products/wixoss/img/card/WDK11/WDK11-022.jpg,スペル,-,白,-,-,《白》×０,-,-,エマ限定,-,-,0,-,-,0,以下の２つから１つを選ぶ。①あなたの＜英知＞のシグニ１体を対象とし、それを場からトラッシュに置く。そうした場合、あなたのデッキから＜英知＞のシグニ１枚を探して公開し手札に加え、デッキをシャッフルする。②【エナチャージ１】（あなたのデッキの一番上のカードをエナゾーンに置く）,-
WDK12-001,メル＝ヴェスパー,https://www.takaratomy.co.jp/products/wixoss/img/card/WDK12/WDK12-001.jpg,ルリグ,メル,緑,4,《緑》×０,-,11,-,-,-,-,0,-,-,0,【出】：【エナチャージ２】をする。その後、あなたのエナゾーンからシグニを２枚まで対象とし、それらを手札に加える。【起】《ターン１回》《緑×0》：あなたのトラッシュから対象の＜微菌＞のシグニ１枚を対象のあなたのシグニ１体の【チャーム】にする。【起】《ゲーム１回》ベルセルク《コインアイコン》：ターン終了時まで、このルリグは「【自】：あなたのシグニ１体が場に出たとき、そのシグニのパワー以下の対戦相手のシグニ１体を対象とし、それをバニッシュする。」を得る。,-
WDK12-002,メル＝カーディナル,https://www.takaratomy.co.jp/products/wixoss/img/card/WDK12/WDK12-002.jpg,ルリグ,メル,緑,3,《緑》×２,-,7,-,-,-,-,0,-,-,0,【出】《緑》：《コインアイコン》を得る。,-
WDK12-003,メル＝バラライカソニック,https://www.takaratomy.co.jp/products/wixoss/img/card/WDK12/WDK12-003.jpg,ルリグ,メル,緑,2,《緑》×１,-,4,-,-,-,-,0,-,-,0,【出】《コインアイコン》：カードを１枚引く。,-
WDK12-007,難攻不落,https://www.takaratomy.co.jp/products/wixoss/img/card/WDK12/WDK12-007.jpg,アーツ,-,緑,-,-,《緑》×１,-,-,メル限定,-,メインフェイズアタックフェイズスペルカットイン,0,-,-,0,ベット―《コインアイコン》《コインアイコン》（このアーツを使用する際に《コインアイコン》を支払ってもよい）以下の２つから１つを選ぶ。あなたがベットしていた場合、代わりに２つ選ぶ。①あなたのトラッシュから対象の＜微菌＞のシグニ１枚を対象のあなたのシグニ１体の【チャーム】にする。ターン終了時まで、【チャーム】が付いているあなたのすべてのシグニは「【常】：対戦相手のターンの間、バニッシュされない。」を得る。②あなたの場にあるすべての【チャーム】をトラッシュに置く。この方法でトラッシュに置いた【チャーム】と同じ数だけカードを引き、同じ数だけ【エナチャージ１】をする。,-
WDK12-008,化学分解,https://www.takaratomy.co.jp/products/wixoss/img/card/WDK12/WDK12-008.jpg,アーツ,-,緑,-,-,《緑》×１,-,-,メル限定,-,メインフェイズアタックフェイズ,0,-,-,0,対戦相手のシグニ１体を対象とし、それをエナゾーンに置く。対戦相手の場にキーがある場合、追加でカードを１枚引き【エナチャージ１】をする。,-
WDK12-011,羅菌　ヨウサン,https://www.takaratomy.co.jp/products/wixoss/img/card/WDK12/WDK12-011.jpg,シグニ,精羅：微菌,緑,4,-,-,-,12000,メル限定,-,-,0,-,-,1,【常】：【チャーム】が付いているあなたのシグニのパワーを＋3000する。【起】《ターン１回》《緑×0》：ターン終了時まで、【チャーム】が付いているあなたのすべてのシグニは【ランサー】を得る。,：対戦相手のパワー8000以上のシグニ１体を対象とし、それをエナゾーンに置く。
WDK12-012,羅菌　アエン,https://www.takaratomy.co.jp/products/wixoss/img/card/WDK12/WDK12-012.jpg,シグニ,精羅：微菌,緑,4,-,-,-,10000,メル限定,-,-,0,-,-,0,【起】《緑》《ダウン》：対戦相手のパワー10000以上のシグニ１体を対象とし、それをエナゾーンに置く。,-
WDK12-013,羅菌　ビオチン,https://www.takaratomy.co.jp/products/wixoss/img/card/WDK12/WDK12-013.jpg,シグニ,精羅：微菌,緑,3,-,-,-,8000,メル限定,-,-,0,-,-,0,【常】：あなたのターンの間、【チャーム】が付いているあなたのシグニのパワーを＋3000する。【起】《ターン２回》《緑》：あなたのトラッシュから対象の＜微菌＞のシグニ１枚を対象のあなたのシグニ１体の【チャーム】にする。,-
WDK12-014,羅菌　コッパー,https://www.takaratomy.co.jp/products/wixoss/img/card/WDK12/WDK12-014.jpg,シグニ,精羅：微菌,緑,3,-,-,-,7000,メル限定,-,-,0,-,-,1,【常】：このシグニに【チャーム】が付いているかぎり、このシグニのパワーは＋5000され、このシグニは【ランサー】を得る。（【ランサー】を持つシグニがバトルでシグニをバニッシュしたとき、対戦相手のライフクロスを１枚クラッシュする）,：カードを１枚引く。
WDK12-015,羅菌　カーボ,https://www.takaratomy.co.jp/products/wixoss/img/card/WDK12/WDK12-015.jpg,シグニ,精羅：微菌,緑,2,-,-,-,3000,メル限定,-,-,0,-,-,1,【常】：このシグニに【チャーム】が付いているかぎり、このシグニのパワーは＋2000される。【自】《ターン１回》：このシグニがアタックしたとき、《緑》を支払い、あなたの場にある【チャーム】１枚をトラッシュに置いてもよい。そうした場合、このシグニをアップする。,：【エナチャージ１】
WDK12-016,羅菌　コレステ,https://www.takaratomy.co.jp/products/wixoss/img/card/WDK12/WDK12-016.jpg,シグニ,精羅：微菌,緑,1,-,-,-,3000,-,-,-,0,-,-,0,-,-
WDK12-017,羅菌　センイ,https://www.takaratomy.co.jp/products/wixoss/img/card/WDK12/WDK12-017.jpg,シグニ,精羅：微菌,緑,1,-,-,-,1000,メル限定,-,-,0,-,-,1,【出】：あなたのトラッシュから対象の＜微菌＞のシグニ１枚を対象のあなたの他のシグニ１体の【チャーム】にする。（【チャーム】は裏向きでシグニに付き、１体に１枚までしか付けられない）,：カードを１枚引く。
WDK12-022,修習,https://www.takaratomy.co.jp/products/wixoss/img/card/WDK12/WDK12-022.jpg,スペル,-,緑,-,-,《緑》×０,-,-,メル限定,-,-,0,-,-,0,以下の２つから１つを選ぶ。①対象のあなたの＜微菌＞のシグニ１体を場からトラッシュに置く。そうした場合、あなたのエナゾーンから対象のシグニ１枚を手札に加える。②【エナチャージ１】（あなたのデッキの一番上のカードをエナゾーンに置く）,-
WDK13-001,ミュウ＝バタフライ,https://www.takaratomy.co.jp/products/wixoss/img/card/WDK13/WDK13-001.jpg,ルリグ,ミュウ,黒,4,《黒》×０,-,11,-,-,-,-,0,2,-,0,【出】：あなたのトラッシュから＜宇宙＞のシグニを２枚まで対象とし、それらを手札に加える。【起】《ターン１回》手札から＜宇宙＞のシグニを１枚捨てる：以下の２つから１つを選ぶ。①対戦相手のレベル２以下のシグニ１体を対象とし、それをバニッシュする。②対戦相手のトラッシュにあるカード１枚を対象とし、それをゲームから除外する。【起】《ゲーム１回》サイレント《コインアイコン》《コインアイコン》：対戦相手のシグニゾーンにある表向きのすべてのカードをトラッシュに置く。,-
WDK13-003,ミュウ＝バック,https://www.takaratomy.co.jp/products/wixoss/img/card/WDK13/WDK13-003.jpg,ルリグ,ミュウ,黒,2,《黒》×１,-,4,-,-,-,-,0,-,-,0,【出】《コインアイコン》：カードを１枚引く。,-
WDK13-004,ミュウ＝プル,https://www.takaratomy.co.jp/products/wixoss/img/card/WDK13/WDK13-004.jpg,ルリグ,ミュウ,黒,1,《黒》×０,-,2,-,-,-,-,0,-,-,0,【出】手札を１枚捨てる：《コインアイコン》を得る。（【出】能力の：の左側はコストである。コストを支払わず発動しないことを選んでもよい）,-
WDK13-007,ハイドロ・サークル,https://www.takaratomy.co.jp/products/wixoss/img/card/WDK13/WDK13-007.jpg,アーツ,-,黒,-,-,《黒》×３《無》×１,-,-,ミュウ限定,-,メインフェイズアタックフェイズ,0,-,-,0,ベット―《コインアイコン》（このアーツを使用する際に《コインアイコン》を支払ってもよい）対戦相手のシグニをレベルの合計が５以下になるように２体まで対象とし、それらをバニッシュする。あなたがベットしていた場合、代わりにレベルの合計が７以下になるように２体まで対象とし、それらをバニッシュする。,-
WDK13-008,オリオンズ・バブル,https://www.takaratomy.co.jp/products/wixoss/img/card/WDK13/WDK13-008.jpg,アーツ,-,黒,-,-,《黒》×１,-,-,ミュウ限定,-,メインフェイズ,0,-,-,0,以下の２つから１つを選ぶ。①あなたのトラッシュから＜宇宙＞のシグニを、レベルの合計が７になるように３枚まで対象とし、それらを手札に加える。②あなたのトラッシュから＜宇宙＞のシグニを、レベルの合計が１２になるように５枚まで対象とし、対戦相手の場にキーがある場合、それらを手札に加える。,-
WDK13-009,聖援の使者　サシェ,https://www.takaratomy.co.jp/products/wixoss/img/card/WDK13/WDK13-009.jpg,キー,-,白,-,-,《コイン》×１,-,-,-,-,-,0,-,-,0,【起】《ターン１回》《無》：あなたのデッキからあなたのセンタールリグと共通する色を持つシグニ１枚を探して公開し手札に加え、デッキをシャッフルする。【起】《アタックフェイズアイコン》このキーを場からルリグトラッシュに置く：あなたのデッキから＜宇宙＞のシグニ１枚を探して場に出し、デッキをシャッフルする。そのシグニの【出】能力は発動しない。,-
WDK13-011,羅星　エスキモ,https://www.takaratomy.co.jp/products/wixoss/img/card/WDK13/WDK13-011.jpg,シグニ,精羅：宇宙,黒,4,-,-,-,12000,ミュウ限定,-,-,0,-,-,1,【出】《黒》《黒》：あなたのデッキを上から公開されたシグニのレベルの合計が４以上になるまで公開する。その中からシグニを２枚まで手札に加え、残りをトラッシュに置く。【起】《ターン１回》手札から＜宇宙＞のシグニを１枚以上捨てる：この方法で捨てたシグニのレベルの合計と同じレベルを持つ対戦相手のシグニ１体を対象とし、それをバニッシュする。,：対戦相手のシグニ１体を対象とし、ターン終了時まで、それのパワーを－12000する。
WDK13-012,羅星　ホースヘッド,https://www.takaratomy.co.jp/products/wixoss/img/card/WDK13/WDK13-012.jpg,シグニ,精羅：宇宙,黒,4,-,-,-,10000,ミュウ限定,-,-,0,-,-,0,【起】《ダウン》：あなたのデッキの上からカードを４枚公開する。その後、対戦相手のシグニ１体を対象とし、ターン終了時まで、それのパワーをこの方法で公開されたシグニのレベルの合計１につき－1000する。公開したカードをシャッフルしてデッキの一番下に置く。,-
WDK13-013,羅星　ハッブラ,https://www.takaratomy.co.jp/products/wixoss/img/card/WDK13/WDK13-013.jpg,シグニ,精羅：宇宙,黒,3,-,-,-,8000,ミュウ限定,-,-,0,-,-,0,【出】手札から＜宇宙＞のシグニを１枚捨てる：あなたのデッキからこの方法で捨てたシグニよりレベルが１つ高いシグニ１枚を探して公開し手札に加え、デッキをシャッフルする。,-
WDK13-014,羅星　ウィッチヘッド,https://www.takaratomy.co.jp/products/wixoss/img/card/WDK13/WDK13-014.jpg,シグニ,精羅：宇宙,黒,3,-,-,-,7000,ミュウ限定,-,-,0,-,-,1,【起】《ダウン》：対戦相手のシグニ１体を対象とし、ターン終了時まで、それのパワーを－2000する。【起】《ダウン》：対戦相手のレベル３のシグニ１体を対象とし、ターン終了時まで、それのパワーを－7000する。（パワーが０以下のシグニはルールによってバニッシュされる）,：カードを１枚引く。
WDK13-015,羅星　シーガル,https://www.takaratomy.co.jp/products/wixoss/img/card/WDK13/WDK13-015.jpg,シグニ,精羅：宇宙,黒,2,-,-,-,3000,ミュウ限定,-,-,0,-,-,1,【自】：このシグニがアタックしたとき、対戦相手のシグニ１体を対象とし、あなたの場にあるシグニのレベルの合計が対戦相手の場にあるシグニのレベルの合計以下の場合、ターン終了時まで、それのパワーを－3000する。,：【エナチャージ１】
WDK13-016,羅星　カリフォルネ,https://www.takaratomy.co.jp/products/wixoss/img/card/WDK13/WDK13-016.jpg,シグニ,精羅：宇宙,黒,1,-,-,-,3000,-,-,-,0,-,-,0,-,-
WDK13-017,羅星　モンキーネ,https://www.takaratomy.co.jp/products/wixoss/img/card/WDK13/WDK13-017.jpg,シグニ,精羅：宇宙,黒,1,-,-,-,1000,ミュウ限定,-,-,0,-,-,1,【自】：このシグニがアタックしたとき、あなたのデッキを上からシグニが２枚めくれるまで公開してもよい。その後、それらのレベルの合計が６以上の場合、対戦相手のシグニ１体を対象とし、ターン終了時まで、それのパワーを－1000する。公開したカードをトラッシュに置く。,：カードを１枚引く。
WDK13-022,コズミック・シンクロナイズ,https://www.takaratomy.co.jp/products/wixoss/img/card/WDK13/WDK13-022.jpg,スペル,-,黒,-,-,《黒》×０,-,-,ミュウ限定,-,-,0,-,-,0,以下の２つから１つを選ぶ。①あなたの＜宇宙＞のシグニ１体を対象とし、それを場からトラッシュに置く。そうした場合、あなたのデッキの上からこの方法でトラッシュに置いたシグニのレベルと同じ枚数のカードを見る。その中から１枚を手札に加え、残りを好きな順番でデッキの一番下に置く。②【エナチャージ１】（あなたのデッキの一番上のカードをエナゾーンに置く）,-
WDK-F01-02,アロス・ピルルク　TRI,https://www.takaratomy.co.jp/products/wixoss/img/card/WDK/WDK-F01-02.jpg,ルリグ,ピルルク,青,3,《青》×２,-,7,-,-,-,-,0,-,-,0,【出】《青》：《コインアイコン》を得る。,-
WDK-F01-03,アロス・ピルルク　DI,https://www.takaratomy.co.jp/products/wixoss/img/card/WDK/WDK-F01-03.jpg,ルリグ,ピルルク,青,2,《青》×１,-,4,-,-,-,-,0,-,-,0,【出】《コインアイコン》：カードを１枚引く。,-
WDK-F01-04,アロス・ピルルク　MONO,https://www.takaratomy.co.jp/products/wixoss/img/card/WDK/WDK-F01-04.jpg,ルリグ,ピルルク,青,1,《青》×０,-,2,-,-,-,-,0,-,-,0,【出】手札を１枚捨てる：《コインアイコン》を得る。（【出】能力の：の左側はコストである。コストを支払わず発動しないことを選んでもよい）,-
WDK14-001,奏でし者　タウィル＝フィーラ,https://www.takaratomy.co.jp/products/wixoss/img/card/WDK14/WDK14-001.jpg,ルリグ,タウィル,赤,4,《赤》×０,-,11,-,-,-,-,0,2,-,0,【自】《ビートアイコン》［レベル１～４が各１枚以上］：あなたのアタックフェイズ開始時、カードを１枚引くか【エナチャージ１】をする。【起】《ターン１回》シグニ１体を【ビート】にする：カードを１枚引く。【起】《ゲーム１回》《アタックフェイズアイコン》プライマル《コインアイコン》ルリグデッキから赤のアーツ１枚をルリグトラッシュに置く：あなたのトラッシュから＜悪魔＞のシグニを３枚まで対象とし、それらを場に出す。,-
WDK14-002,奏でし者　タウィル＝トレ,https://www.takaratomy.co.jp/products/wixoss/img/card/WDK14/WDK14-002.jpg,ルリグ,タウィル,赤,3,《赤》×２,-,7,-,-,-,-,0,-,-,0,【出】：《コインアイコン》《コインアイコン》を得る。,-
WDK14-003,奏でし者　タウィル＝トヴォ,https://www.takaratomy.co.jp/products/wixoss/img/card/WDK14/WDK14-003.jpg,ルリグ,タウィル,赤,2,《赤》×１,-,4,-,-,-,-,0,-,-,0,【出】《コインアイコン》：カードを１枚引く。,-
WDK14-004,奏でし者　タウィル＝エット,https://www.takaratomy.co.jp/products/wixoss/img/card/WDK14/WDK14-004.jpg,ルリグ,タウィル,赤,1,《赤》×０,-,2,-,-,-,-,0,-,-,0,【出】手札を１枚捨てる：《コインアイコン》を得る。（【出】能力の：の左側はコストである。コストを支払わず発動しないことを選んでもよい）,-
WDK14-005,奏でし者　タウィル＝ノル,https://www.takaratomy.co.jp/products/wixoss/img/card/WDK14/WDK14-005.jpg,ルリグ,タウィル,赤,0,《赤》×０,-,0,-,-,アンシエント・サプライズ,-,0,-,-,0,-,-
WDK14-007,緩急火号,https://www.takaratomy.co.jp/products/wixoss/img/card/WDK14/WDK14-007.jpg,アーツ,-,赤,-,-,《赤》×２,-,-,-,-,メインフェイズ,0,-,-,0,カードを２枚引き、【エナチャージ２】をし、あなたのライフクロス１枚をクラッシュする。,-
WDK14-008,回心転火,https://www.takaratomy.co.jp/products/wixoss/img/card/WDK14/WDK14-008.jpg,アーツ,-,赤,-,-,《赤》×１,-,-,タウィル限定,-,メインフェイズ,0,-,-,0,アンコール－《コインアイコン》（アンコールコストを追加で支払って使用してもよい。そうした場合、これは追加で「このカードをルリグデッキに戻す。」を得る）あなたのデッキの上からカードを４枚見る。その中から１枚を手札に加え、１枚を【ビート】にし、残りを好きな順番でデッキの一番下に置く。その後、この方法で【ビート】にしたシグニと同じレベルの対戦相手のシグニ１体を対象とし、それをバニッシュする。,-
WDK14-009,奏楽の鍵主　ウムル,https://www.takaratomy.co.jp/products/wixoss/img/card/WDK14/WDK14-009.jpg,キー,-,青,-,-,《コイン》×１,-,-,-,-,-,0,-,-,0,【出】：あなたのデッキの上からカードを４枚トラッシュに置く。その後、あなたのトラッシュからシグニ１枚を対象とし、それを場に出す。あなたのセンタールリグが＜タウィル＞の場合、追加でシグニ１枚を対象とし、それを場に出す。【起】《アタックフェイズアイコン》このキーを場からルリグトラッシュに置く：対戦相手のシグニ１体を対象とし、それをダウンする。カードを１枚引く。,-
WDK14-011,炎魔の聖墓　ムーンカル,https://www.takaratomy.co.jp/products/wixoss/img/card/WDK14/WDK14-011.jpg,シグニ,精像：悪魔,赤,4,-,-,-,12000,タウィル限定,-,-,0,-,-,1,【出】《ビートアイコン》［４枚以下］《赤》：あなたのトラッシュからそれぞれレベルの異なるシグニを２枚まで対象とし、それらを【ビート】にする。【自】《ビートアイコン》［５枚以上］：あなたのアタックフェイズ開始時、対戦相手のシグニ１体を対象とし、それをバニッシュする。,：対戦相手のパワー12000以下のシグニ１体を対象とし、それをバニッシュする。
WDK14-012,炎魔の陽杖　トービエ,https://www.takaratomy.co.jp/products/wixoss/img/card/WDK14/WDK14-012.jpg,シグニ,精像：悪魔,赤,4,-,-,-,10000,タウィル限定,-,-,0,-,-,0,【出】《ビートアイコン》［４枚以下］このシグニと他のシグニ１体を【ビート】にする：あなたのトラッシュから《炎魔の陽杖　トービエ》以外の＜悪魔＞のシグニ１枚を対象とし、それを場に出す。（この能力はあなたの【ビート】が４枚以下であるかぎり有効になる。コストの支払いで【ビート】が５枚以上になっても発動する）（【ビート】はターン終了時まであなたが持ち、その後トラッシュに置かれる）,-
WDK14-013,炎魔の聖墓　ナーキル,https://www.takaratomy.co.jp/products/wixoss/img/card/WDK14/WDK14-013.jpg,シグニ,精像：悪魔,赤,3,-,-,-,8000,タウィル限定,-,-,0,-,-,0,【出】《ビートアイコン》［４枚以下］トラッシュから＜悪魔＞のシグニ１枚を【ビート】にする：この方法であなたの【ビート】が４枚になった場合、カードを１枚引く。（この能力はあなたの【ビート】が４枚以下であるかぎり有効になる）（【ビート】はターン終了時まであなたが持ち、その後トラッシュに置かれる）,-
WDK14-014,炎魔の孔雀　カイム,https://www.takaratomy.co.jp/products/wixoss/img/card/WDK14/WDK14-014.jpg,シグニ,精像：悪魔,赤,3,-,-,-,7000,タウィル限定,-,-,0,-,-,1,【自】《ターン１回》：あなたの他のカードが【ビート】になったとき、対戦相手のパワー12000以下のシグニ１体を対象とし、《赤》《赤》を支払ってもよい。そうした場合、それをバニッシュする。【出】《ビートアイコン》［４枚以下］《炎魔の孔雀　カイム》以外のシグニ１体を【ビート】にする：カードを１枚引く。,：カードを１枚引く。
WDK14-015,炎魔の火鉢　ブリジット,https://www.takaratomy.co.jp/products/wixoss/img/card/WDK14/WDK14-015.jpg,シグニ,精像：悪魔,赤,2,-,-,-,3000,タウィル限定,-,-,0,-,-,1,【自】：このカードが【ビート】になったとき、対戦相手のパワー5000以下のシグニ１体を対象とし、《赤》を支払ってもよい。そうした場合、それをバニッシュする。,：【エナチャージ１】
WDK14-016,炎魔の迷光　イルリヒト,https://www.takaratomy.co.jp/products/wixoss/img/card/WDK14/WDK14-016.jpg,シグニ,精像：悪魔,赤,1,-,-,-,3000,-,-,-,0,-,-,0,-,-
WDK14-017,炎魔の幸運　カウカス,https://www.takaratomy.co.jp/products/wixoss/img/card/WDK14/WDK14-017.jpg,シグニ,精像：悪魔,赤,1,-,-,-,1000,タウィル限定,-,-,0,-,-,1,【自】：このカードが【ビート】になったとき、カードを１枚引き、手札を１枚捨てる。,：カードを１枚引く。
WDK14-022,熱音の稲光,https://www.takaratomy.co.jp/products/wixoss/img/card/WDK14/WDK14-022.jpg,スペル,-,赤,-,-,《赤》×０,-,-,タウィル限定,-,-,0,-,-,0,以下の２つから１つを選ぶ。①あなたの＜悪魔＞のシグニ１体を対象とし、それを場からトラッシュに置く。そうした場合、手札を１枚捨て、カードを２枚引く。（手札を捨てられなくてもカードを２枚引く）②【エナチャージ１】（あなたのデッキの一番上のカードをエナゾーンに置く）,-
WDK15-001,ナナシ　其ノ四ノ報,https://www.takaratomy.co.jp/products/wixoss/img/card/WDK15/WDK15-001.jpg,ルリグ,ナナシ,黒,4,《黒》×０,-,11,-,-,-,-,0,-,-,0,【自】《ターン１回》：《ライズアイコン_黒》_blackを持つあなたのシグニ１体が場に出たとき、あなたのトラッシュからシグニ１枚を対象とし、それをそのシグニの下に置く。【出】：あなたのトラッシュから《ライズアイコン_黒》_blackを持つシグニ１枚と＜ウェポン＞のシグニ１枚を対象とし、それらを手札に加える。【起】《ゲーム１回》《メインフェイズアイコン》《アタックフェイズアイコン》ブラインド《コインアイコン》：あなたのトラッシュから対象のシグニを２枚まで、対象のあなたの＜ウェポン＞のシグニ２体までの下に置く。下にカードがあるあなたのシグニ１体につきカードを１枚引く。,-
WDK15-002,ナナシ　其ノ参ノ報,https://www.takaratomy.co.jp/products/wixoss/img/card/WDK15/WDK15-002.jpg,ルリグ,ナナシ,黒,3,《黒》×２,-,7,-,-,-,-,0,-,-,0,【出】《黒》：《コインアイコン》《コインアイコン》を得る。,-
WDK15-003,ナナシ　其ノ爾ノ報,https://www.takaratomy.co.jp/products/wixoss/img/card/WDK15/WDK15-003.jpg,ルリグ,ナナシ,黒,2,《黒》×１,-,4,-,-,-,-,0,-,-,0,【出】《コインアイコン》：カードを１枚引く。,-
WDK15-007,フォトジェニック・バリアー,https://www.takaratomy.co.jp/products/wixoss/img/card/WDK15/WDK15-007.jpg,アーツ,-,黒,-,-,《黒》×３,-,-,ナナシ限定,-,メインフェイズアタックフェイズ,0,-,-,0,ベット―《コインアイコン》（このアーツを使用する際に《コインアイコン》を支払ってもよい）あなたがベットする場合、このアーツの使用コストは《黒×2》減る。あなたのトラッシュから対象の＜ウェポン＞のシグニ１枚を場に出し、あなたのトラッシュから対象のシグニを２枚までそのシグニの下に置く。,-
WDK15-008,ハイアングル・バズーカ,https://www.takaratomy.co.jp/products/wixoss/img/card/WDK15/WDK15-008.jpg,アーツ,-,黒,-,-,《黒》×２,-,-,ナナシ限定,-,アタックフェイズ,0,-,-,0,あなたのシグニの下からカードを合計２枚までトラッシュに置く。その後、この方法でトラッシュに置いたカード１枚につき対戦相手のシグニ１体を対象とし、それらをバニッシュする。,-
WDK15-009,スティング・スイング,https://www.takaratomy.co.jp/products/wixoss/img/card/WDK15/WDK15-009.jpg,アーツ,-,黒,-,-,《黒》×０,-,-,-,-,メインフェイズ,0,-,-,0,アンコール－《コインアイコン》《コインアイコン》（アンコールコストを追加で支払って使用してもよい。そうした場合、これは追加で「このカードをルリグデッキに戻す。」を得る）あなたのトラッシュから《ライズアイコン_黒》_blackを持つシグニ１枚と無色ではないシグニ１枚を対象とし、それらを手札に加える。,-
WDK15-011,弩書　トート,https://www.takaratomy.co.jp/products/wixoss/img/card/WDK15/WDK15-011.jpg,シグニ,精武：ウェポン,黒,4,-,-,-,13000,ナナシ限定,-,-,0,-,-,1,【ライズ】あなたの＜ウェポン＞のシグニ１体の上に置く【常】：このシグニはこの下にカードが３枚以上あるかぎり、【ダブルクラッシュ】を得る。【常】：このシグニのパワーはこの下にあるカード１枚につき＋1000される。【自】：このシグニがアタックしたとき、ターン終了時まで、対戦相手のすべてのシグニのパワーをこのシグニのパワーの半分だけ－（マイナス）する。,：対戦相手のシグニ１体を対象とし、ターン終了時まで、それのパワーを－10000する。
WDK15-012,弩書　ジャパコカビ,https://www.takaratomy.co.jp/products/wixoss/img/card/WDK15/WDK15-012.jpg,シグニ,精武：ウェポン,黒,4,-,-,-,10000,ナナシ限定,-,-,0,-,-,0,【起】《ダウン》このシグニの下からカード１枚をトラッシュに置く：対戦相手のシグニ１体を対象とし、ターン終了時まで、それのパワーを－12000する。（パワーが０以下のシグニはルールによってバニッシュされる）,-
WDK15-013,轟書　エンキリデ,https://www.takaratomy.co.jp/products/wixoss/img/card/WDK15/WDK15-013.jpg,シグニ,精武：ウェポン,黒,3,-,-,-,8000,ナナシ限定,-,-,0,-,-,0,【自】：あなたのターン終了時、あなたのシグニの下にある＜ウェポン＞のシグニを１枚まで対象とし、それを手札に加える。【起】《ターン１回》《黒×0》：対象のあなたのシグニ１体を対象のあなたの＜ウェポン＞のシグニ１体の下に置く。（そのシグニの下にあるカードも一緒に移動する）,-
WDK15-014,轟書　デマギア,https://www.takaratomy.co.jp/products/wixoss/img/card/WDK15/WDK15-014.jpg,シグニ,精武：ウェポン,黒,3,-,-,-,7000,ナナシ限定,-,-,0,-,-,1,【自】：このシグニがアタックしたとき、対戦相手のシグニ１体を対象とし、このシグニの下にカードがある場合、ターン終了時まで、それのパワーを－7000する。【出】《黒》：あなたのデッキの一番上のカードをこのシグニの下に置く。（シグニの下に置かれるカードは表向きである）,：カードを１枚引く。
WDK15-015,爆書　カゲシ,https://www.takaratomy.co.jp/products/wixoss/img/card/WDK15/WDK15-015.jpg,シグニ,精武：ウェポン,黒,2,-,-,-,3000,ナナシ限定,-,-,0,-,-,1,【出】《黒》：あなたのシグニの下にある＜ウェポン＞のシグニ１枚を対象とし、それを手札に加える。,：【エナチャージ１】
WDK15-016,小書　トンコウ,https://www.takaratomy.co.jp/products/wixoss/img/card/WDK15/WDK15-016.jpg,シグニ,精武：ウェポン,黒,1,-,-,-,3000,-,-,-,0,-,-,0,-,-
WDK15-017,小書　インペ,https://www.takaratomy.co.jp/products/wixoss/img/card/WDK15/WDK15-017.jpg,シグニ,精武：ウェポン,黒,1,-,-,-,1000,ナナシ限定,-,-,0,-,-,1,【出】《黒》：あなたのデッキから《ライズアイコン_黒》_blackを持つシグニ１枚を探して公開し手札に加え、デッキをシャッフルする。,：カードを１枚引く。
WDK15-022,ニュース・デリバリー,https://www.takaratomy.co.jp/products/wixoss/img/card/WDK15/WDK15-022.jpg,スペル,-,黒,-,-,《黒》×０,-,-,ナナシ限定,-,-,0,-,-,0,以下の２つから１つを選ぶ。①対象のあなたの＜ウェポン＞のシグニ１体を場からトラッシュに置く。そうした場合、あなたのトラッシュから対象の＜ウェポン＞のシグニ１枚を手札に加える。②【エナチャージ１】（あなたのデッキの一番上のカードをエナゾーンに置く）,-
WDK16-01T,月ノ美兎　レベル４,https://www.takaratomy.co.jp/products/wixoss/img/card/WDK16/WDK16-01T.jpg,ルリグ,にじさんじ,白,4,《白》×０,-,11,-,-,-,-,0,-,-,0,【常】：あなたが《赤》か《青》を支払う際、代わりに《白》を支払ってもよい。【自】：このルリグがアタックしたとき、登録者数を１０万人得る。【出】：あなたのデッキからシグニ１枚を探して公開し手札に加え、デッキをシャッフルする。【起】《ゲーム１回》＃みとの生放送《白×0》：対戦相手のシグニ１体を対象とし、それをトラッシュに置く。あなたの登録者数が１００万人を達成している場合、あなたのデッキからシグニを２枚まで探して公開し手札に加え、デッキをシャッフルする。,-
WDK16-02T,月ノ美兎　レベル３,https://www.takaratomy.co.jp/products/wixoss/img/card/WDK16/WDK16-02T.jpg,ルリグ,にじさんじ,白,3,《白》×２,-,8,-,-,-,-,0,-,-,0,【出】：登録者数を２０万人得る。,-
WDK16-03T,月ノ美兎　レベル２,https://www.takaratomy.co.jp/products/wixoss/img/card/WDK16/WDK16-03T.jpg,ルリグ,にじさんじ,白,2,《白》×１,-,5,-,-,-,-,0,-,-,0,【出】：登録者数を１０万人得る。,-
WDK16-04T,月ノ美兎　レベル１,https://www.takaratomy.co.jp/products/wixoss/img/card/WDK16/WDK16-04T.jpg,ルリグ,にじさんじ,白,1,《白》×０,-,2,-,-,-,-,0,-,-,0,【出】：登録者数を１０万人得る。【出】手札を１枚捨てる：カードを１枚引く。（【出】能力の：の左側はコストである。コストを支払わず発動しないことを選んでもよい）,-
WDK16-05T,美兎サポーター　凛＆楓,https://www.takaratomy.co.jp/products/wixoss/img/card/WDK16/WDK16-05T.jpg,キー,-,青赤,-,-,《青》×１《赤》×１,-,-,にじさんじ限定,-,-,0,-,-,0,【常】：このキーはあなたのセンタールリグが《月ノ美兎　レベル４》の場合にしか新たに場に出すことができない。【出】：対戦相手のシグニを２体まで対象とし、それらをバニッシュする。カードを１枚引く。登録者数を２０万人得る。【起】《アタックフェイズアイコン》《青》《青》《赤》《赤》このキーを場からルリグトラッシュに置く：対戦相手のすべてのシグニをバニッシュする。カードを３枚引く。,-
WDK16-06T,コードＶＬ　椎名唯華,https://www.takaratomy.co.jp/products/wixoss/img/card/WDK16/WDK16-06T.jpg,シグニ,精械：電機,白,4,-,-,-,12000,にじさんじ限定,-,-,0,-,-,1,【常】：あなたの場にカード名に《美兎》を含むセンタールリグがいるかぎり、このシグニは「【自】：このシグニがアタックしたとき、対戦相手のレベル３以下のシグニ１体を対象とし、それを手札に戻す。あなたの登録者数が１００万人を達成している場合、代わりに対戦相手のシグニ１体を対象とし、それを手札に戻す。」を得る。,：対戦相手のシグニ１体を対象とし、それを手札に戻す。
WDK16-01H,樋口楓　レベル４,https://www.takaratomy.co.jp/products/wixoss/img/card/WDK16/WDK16-01H.jpg,ルリグ,にじさんじ,赤,4,《赤》×０,-,11,-,-,-,-,0,-,-,0,【自】：あなたのターン終了時、このターンに対戦相手のシグニがバニッシュされていた場合、登録者数を１０万人得る。【出】：対戦相手のシグニ１体を対象とし、それをバニッシュする。【起】《ゲーム１回》＃でろおんえあ《赤×0》：あなたの登録者数が８０万人を達成している場合、対戦相手のすべてのシグニをバニッシュする。,-
WDK16-02H,樋口楓　レベル３,https://www.takaratomy.co.jp/products/wixoss/img/card/WDK16/WDK16-02H.jpg,ルリグ,にじさんじ,赤,3,《白》×２,-,8,-,-,-,-,0,-,-,0,【出】：登録者数を２０万人得る。,-
WDK16-03H,樋口楓　レベル２,https://www.takaratomy.co.jp/products/wixoss/img/card/WDK16/WDK16-03H.jpg,ルリグ,にじさんじ,赤,2,《白》×１,-,5,-,-,-,-,0,-,-,0,【出】：登録者数を１０万人得る。,-
WDK16-04H,樋口楓　レベル１,https://www.takaratomy.co.jp/products/wixoss/img/card/WDK16/WDK16-04H.jpg,ルリグ,にじさんじ,赤,1,《白》×０,-,2,-,-,-,-,0,-,-,0,【出】：登録者数を１０万人得る。【出】手札を１枚捨てる：カードを１枚引く。（【出】能力の：の左側はコストである。コストを支払わず発動しないことを選んでもよい）,-
WDK16-05H,楓サポーター　凛＆美兎,https://www.takaratomy.co.jp/products/wixoss/img/card/WDK16/WDK16-05H.jpg,キー,-,青白,-,-,《白》×２,-,-,にじさんじ限定,-,-,0,-,-,0,【常】：このキーはあなたのセンタールリグが《樋口楓　レベル４》の場合にしか新たに場に出すことができない。【出】：対戦相手の手札を見て１枚選び、捨てさせる。あなたのデッキから＜電機＞のシグニを２枚まで探して公開し手札に加え、デッキをシャッフルする。登録者数を２０万人得る。【起】《アタックフェイズアイコン》このキーを場からルリグトラッシュに置く：対戦相手のセンタールリグとすべてのシグニをダウンする。,-
WDK16-06H,コードＶＬ　本間ひまわり,https://www.takaratomy.co.jp/products/wixoss/img/card/WDK16/WDK16-06H.jpg,シグニ,精械：電機,赤,4,-,-,-,12000,にじさんじ限定,-,-,0,-,-,1,【常】：あなたの場にカード名に《楓》を含むセンタールリグがいるかぎり、このシグニは「【自】：このシグニがアタックしたとき、対戦相手のパワー8000以下のシグニ１体を対象とし、それをバニッシュする。あなたの登録者数が１００万人を達成している場合、代わりに対戦相手のシグニ１体を対象とし、それをバニッシュする。」を得る。,：対戦相手のシグニ１体を対象とし、それをバニッシュする。
WDK16-01S,静凛　レベル４,https://www.takaratomy.co.jp/products/wixoss/img/card/WDK16/WDK16-01S.jpg,ルリグ,にじさんじ,青,4,《青》×０,-,11,-,-,-,-,0,-,-,0,【自】：あなたのターン終了時、あなたの手札が３枚以上ある場合、登録者数を１０万人得る。【出】：カードを２枚引く。【起】《ゲーム１回》＃しずりん生放送《青×0》：あなたの登録者数が７０万人を達成している場合、対戦相手は手札を２枚捨てる。,-
WDK16-02S,静凛　レベル３,https://www.takaratomy.co.jp/products/wixoss/img/card/WDK16/WDK16-02S.jpg,ルリグ,にじさんじ,青,3,《白》×２,-,8,-,-,-,-,0,-,-,0,【出】：登録者数を２０万人得る。,-
WDK16-03S,静凛　レベル２,https://www.takaratomy.co.jp/products/wixoss/img/card/WDK16/WDK16-03S.jpg,ルリグ,にじさんじ,青,2,《白》×１,-,5,-,-,-,-,0,-,-,0,【出】：登録者数を１０万人得る。,-
WDK16-04S,静凛　レベル１,https://www.takaratomy.co.jp/products/wixoss/img/card/WDK16/WDK16-04S.jpg,ルリグ,にじさんじ,青,1,《白》×０,-,2,-,-,-,-,0,-,-,0,【出】：登録者数を１０万人得る。【出】手札を１枚捨てる：カードを１枚引く。（【出】能力の：の左側はコストである。コストを支払わず発動しないことを選んでもよい）,-
WDK16-05S,凛サポーター　美兎＆楓,https://www.takaratomy.co.jp/products/wixoss/img/card/WDK16/WDK16-05S.jpg,キー,-,白赤,-,-,《白》×２,-,-,にじさんじ限定,-,-,0,-,-,0,【常】：このキーはあなたのセンタールリグが《静凛　レベル４》の場合にしか新たに場に出すことができない。【出】：対象の対戦相手のシグニ１体を手札に戻す。対象の対戦相手のシグニ１体をバニッシュする。登録者数を２０万人得る。【起】《アタックフェイズアイコン》《無》このキーを場からルリグトラッシュに置く：対象の対戦相手のシグニを２体までバニッシュする。ターン終了時まで、対象の対戦相手のセンタールリグ１体は「【常】：アタックできない。」を得る。,-
WDK16-06S,コードＶＬ　笹木咲,https://www.takaratomy.co.jp/products/wixoss/img/card/WDK16/WDK16-06S.jpg,シグニ,精械：電機,青,4,-,-,-,12000,にじさんじ限定,-,-,0,-,-,1,【出】：あなたの場にカード名に《凛》を含むセンタールリグがいる場合、対戦相手は手札を１枚捨てる。あなたの登録者数が１００万人を達成している場合、代わりに対戦相手の手札を１枚見ないで選び、捨てさせる。,：対戦相手のシグニ１体を対象とし、それをダウンする。対戦相手は手札を１枚捨てる。
WDK16-07,美兎＆楓＆凛　レベル０,https://www.takaratomy.co.jp/products/wixoss/img/card/WDK16/WDK16-07.jpg,ルリグ,にじさんじ,白,0,《白》×０,-,0,-,-,-,-,0,-,-,0,-,-
WDK16-09,マスト・ハイド,https://www.takaratomy.co.jp/products/wixoss/img/card/WDK16/WDK16-09.jpg,アーツ,-,白,-,-,《白》×１《無》×１,-,-,にじさんじ限定,-,アタックフェイズ,0,-,-,0,ターン終了時まで、対象の対戦相手のシグニ１体は「【常】：アタックできない。」を得る。あなたの登録者数が７０万人を達成している場合、追加でターン終了時まで、対象の対戦相手のシグニ１体は「【常】：アタックできない。」を得る。あなたの登録者数が１００万人を達成している場合、追加でターン終了時まで、対象の対戦相手のセンタールリグ１体は「【常】：アタックできない。」を得る。,-
WDK16-10,ファイト・ゴースト,https://www.takaratomy.co.jp/products/wixoss/img/card/WDK16/WDK16-10.jpg,アーツ,-,白,-,-,《白》×０,-,-,にじさんじ限定,-,メインフェイズ,0,-,-,0,あなたのデッキから＜電機＞のシグニを２枚まで探して公開し手札に加え、デッキをシャッフルする。登録者数を２０万人得る。あなたのセンタールリグのレベルが対戦相手のセンタールリグと同じ場合、追加で登録者数を１０万人得る。,-
WDK16-12,コードＶＬ　モイラ,https://www.takaratomy.co.jp/products/wixoss/img/card/WDK16/WDK16-12.jpg,シグニ,精械：電機,白,4,-,-,-,10000,にじさんじ限定,-,-,0,-,-,0,【出】：あなたの登録者数が８０万人を達成している場合、カードを１枚引く。,-
WDK16-13,コードＶＬ　出雲霞,https://www.takaratomy.co.jp/products/wixoss/img/card/WDK16/WDK16-13.jpg,シグニ,精械：電機,白,3,-,-,-,7000,にじさんじ限定,-,-,0,-,-,1,【出】：あなたのデッキの一番上を公開する。この方法でレベル２以下の＜電機＞のシグニが公開された場合、それを場に出してもよい。あなたの登録者数が１００万人を達成していて、この方法でシグニが公開された場合、それを場に出してもよい。,：カードを１枚引く。
WDK16-14,コードＶＬ　魔界ノりりむ,https://www.takaratomy.co.jp/products/wixoss/img/card/WDK16/WDK16-14.jpg,シグニ,精械：電機,白,3,-,-,-,7000,にじさんじ限定,-,-,0,-,-,1,【出】：【エナチャージ１】,：【エナチャージ１】
WDK16-15,コードＶＬ　名伽尾アズマ,https://www.takaratomy.co.jp/products/wixoss/img/card/WDK16/WDK16-15.jpg,シグニ,精械：電機,白,2,-,-,-,7000,-,-,-,0,-,-,0,-,-
WDK16-16,コードＶＬ　文野環,https://www.takaratomy.co.jp/products/wixoss/img/card/WDK16/WDK16-16.jpg,シグニ,精械：電機,白,1,-,-,-,3000,-,-,-,0,-,-,0,-,-
WDK16-17,コードＶＬ　黒井しば,https://www.takaratomy.co.jp/products/wixoss/img/card/WDK16/WDK16-17.jpg,シグニ,精械：電機,白,1,-,-,-,1000,にじさんじ限定,-,-,0,-,-,1,【出】：あなたのデッキの一番上を公開する。それがレベル１の＜電機＞のシグニの場合、それを場に出す。,：カードを１枚引く。
WDK16-22,チャイルド・クッキー,https://www.takaratomy.co.jp/products/wixoss/img/card/WDK16/WDK16-22.jpg,スペル,-,無,-,-,《白》×０,-,-,にじさんじ限定,-,-,0,-,-,0,以下の２つから１つを選ぶ。①対象のあなたの＜電機＞のシグニ１体を場からトラッシュに置く。そうした場合、対戦相手は対象の自分のシグニ１体を手札に戻す。②【エナチャージ１】（あなたのデッキの一番上のカードをエナゾーンに置く）,-
WDK17-001,黒幕の舞姫　アルフォウ,https://www.takaratomy.co.jp/products/wixoss/img/card/WDK17/WDK17-001.jpg,ルリグ,アルフォウ,黒,4,《黒》×０,-,11,-,-,-,-,0,2,-,0,【自】《ターン１回》：あなたの傀儡状態のシグニ１体が場に出たとき、以下の３つから１つを選ぶ。①対戦相手のシグニ１体を対象とし、ターン終了時まで、それのパワーを－7000する。②カードを１枚引く。③各プレイヤーは自分のデッキの上からカードを３枚トラッシュに置く。【起】《ゲーム１回》ジェラシー《コインアイコン》：このゲームの間、このルリグは対戦相手のセンタールリグのルリグタイプを追加で得る。対戦相手のトラッシュからシグニ１枚を対象とし、それを傀儡状態であなたの場に出す。,-
WDK17-002,幕間の舞姫　アルフォウ,https://www.takaratomy.co.jp/products/wixoss/img/card/WDK17/WDK17-002.jpg,ルリグ,アルフォウ,黒,3,《黒》×２,-,7,-,-,-,-,0,-,-,0,【出】：《コインアイコン》《コインアイコン》を得る。,-
WDK17-003,暗転の舞姫　アルフォウ,https://www.takaratomy.co.jp/products/wixoss/img/card/WDK17/WDK17-003.jpg,ルリグ,アルフォウ,黒,2,《黒》×１,-,4,-,-,-,-,0,-,-,0,【出】《コインアイコン》：カードを１枚引く。,-
WDK17-004,幕開の舞姫　アルフォウ,https://www.takaratomy.co.jp/products/wixoss/img/card/WDK17/WDK17-004.jpg,ルリグ,アルフォウ,黒,1,《黒》×０,-,2,-,-,-,-,0,-,-,0,【出】手札を１枚捨てる：《コインアイコン》を得る。（【出】能力の：の左側はコストである。コストを支払わず発動しないことを選んでもよい）,-
WDK17-005,開演の舞姫　アルフォウ,https://www.takaratomy.co.jp/products/wixoss/img/card/WDK17/WDK17-005.jpg,ルリグ,アルフォウ,黒,0,《黒》×０,-,0,-,-,-,-,0,-,-,0,-,-
WDK17-007,オクロック・ベル,https://www.takaratomy.co.jp/products/wixoss/img/card/WDK17/WDK17-007.jpg,アーツ,-,黒,-,-,《黒》×２,-,-,アルフォウ限定,-,アタックフェイズ,0,-,-,0,ベット―《コインアイコン》《コインアイコン》（このアーツを使用する際に《コインアイコン》《コインアイコン》を支払ってもよい）対戦相手のトラッシュからシグニ１枚を対象とし、それを傀儡状態であなたの場に出す。あなたがベットしていた場合、代わりに対戦相手のトラッシュからシグニ２枚を対象とし、それらを傀儡状態であなたの場に出す。（傀儡状態のシグニが場を離れる場合、代わりに持ち主のトラッシュに置かれる）,-
WDK17-008,パンプキン・キャリッジ,https://www.takaratomy.co.jp/products/wixoss/img/card/WDK17/WDK17-008.jpg,アーツ,-,黒,-,-,《黒》×１,-,-,アルフォウ限定,-,メインフェイズ,0,-,-,0,以下の２つから１つを選ぶ。①次の対戦相手のターン終了時まで、あなたのセンタールリグは対戦相手のセンタールリグのルリグタイプを追加で得る。このアーツをルリグデッキに戻す。②対戦相手のシグニを２体まで対象とし、ターン終了時まで、それらのパワーをそれぞれ－15000する。,-
WDK17-009,愛憎の果てに　ハイティ・鍵,https://www.takaratomy.co.jp/products/wixoss/img/card/WDK17/WDK17-009.jpg,キー,-,白,-,-,《コイン》×１,-,-,-,-,-,0,-,-,0,【自】《ターン１回》：対戦相手のアタックフェイズの間、あなたのライフクロスがクラッシュされたとき、以下の３つから１つを選ぶ。①カードを１枚引く。②対戦相手のダウン状態のシグニ１体を対象とし、それをバニッシュする。③あなたのセンタールリグが＜アルフォウ＞であなたのライフクロスが１枚以下の場合、対戦相手のライフクロス１枚をクラッシュする。【起】このキーを場からルリグトラッシュに置く：対戦相手は自分の場からシグニ１体と自分のエナゾーンからカード１枚を対象とする。あなたのライフクロスが２枚以下の場合、対戦相手は、手札を１枚捨てそれらをトラッシュに置く。,-
WDK17-011,舞踏の童話　シンデレラ,https://www.takaratomy.co.jp/products/wixoss/img/card/WDK17/WDK17-011.jpg,シグニ,精像：美巧,黒,4,-,-,-,12000,アルフォウ限定,-,-,0,-,-,1,【出】：あなたのトラッシュから《舞踏の童話　グラシュ》１枚を対象とし、それをこのシグニの【アクセ】にする。【出】傀儡状態のシグニ１体を場からトラッシュに置く：対戦相手のシグニ１体を対象とし、それをバニッシュする。,：対戦相手のシグニ１体を対象とし、ターン終了時まで、それのパワーを－10000する。
WDK17-012,舞踏の童話　ディンゴン,https://www.takaratomy.co.jp/products/wixoss/img/card/WDK17/WDK17-012.jpg,シグニ,精像：美巧,黒,4,-,-,-,10000,アルフォウ限定,-,-,0,-,-,0,【自】：対戦相手のアタックフェイズ開始時、対戦相手のシグニ１体を対象とし、ターン終了時まで、それは「【自】：ターン終了時、このシグニをバニッシュする。」を得る。【起】《ダウン》：対戦相手のトラッシュからシグニ１枚を対象とし、それを傀儡状態であなたの場に出す。（傀儡状態のシグニが場を離れる場合、代わりに持ち主のトラッシュに置かれる）,-
WDK17-013,舞踏の童話　リンツ,https://www.takaratomy.co.jp/products/wixoss/img/card/WDK17/WDK17-013.jpg,シグニ,精像：美巧,黒,3,-,-,-,8000,アルフォウ限定,-,-,0,-,-,0,【出】：対戦相手のトラッシュからレベル３以下のシグニ１枚を対象とし、あなたのターンの場合、それを傀儡状態であなたの場に出す。（傀儡状態のシグニが場を離れる場合、代わりに持ち主のトラッシュに置かれる）,-
WDK17-014,舞踏の童話　キュルビウス,https://www.takaratomy.co.jp/products/wixoss/img/card/WDK17/WDK17-014.jpg,シグニ,精像：美巧,黒,3,-,-,-,7000,アルフォウ限定,-,-,0,-,-,1,【出】他のシグニ１体を場からトラッシュに置く：対戦相手のシグニ１体を対象とし、ターン終了時まで、それのパワーを－7000する。この能力のコストで傀儡状態のシグニをトラッシュに置いた場合、代わりにターン終了時まで、それのパワーを－10000する。（パワーが０以下のシグニはルールによってバニッシュされる）,：カードを１枚引く。
WDK17-015,舞踏の童話　グラシュ,https://www.takaratomy.co.jp/products/wixoss/img/card/WDK17/WDK17-015.jpg,シグニ,精像：美巧,黒,2,-,-,-,3000,アルフォウ限定,-,-,0,-,-,1,【自】：あなたのシグニ１体が場に出たとき、このシグニをそれの【アクセ】にしてもよい。（【アクセ】は表向きでシグニに１枚まで付き、そのシグニが場を離れるとトラッシュに置かれる）【常】：これにアクセされているシグニのパワーを＋2000し、そのシグニは「【常】：対戦相手のシグニの効果によってバニッシュされない。」を得る。,：【エナチャージ１】
WDK17-016,舞踏の童話　アシェンプテル,https://www.takaratomy.co.jp/products/wixoss/img/card/WDK17/WDK17-016.jpg,シグニ,精像：美巧,黒,1,-,-,-,3000,-,-,-,0,-,-,0,-,-
WDK17-017,舞踏の童話　タウベズ,https://www.takaratomy.co.jp/products/wixoss/img/card/WDK17/WDK17-017.jpg,シグニ,精像：美巧,黒,1,-,-,-,1000,アルフォウ限定,-,-,0,-,-,1,【出】：対戦相手のトラッシュからレベル１のシグニ１枚を対象とし、あなたのターンの場合、それを傀儡状態であなたの場に出す。（傀儡状態のシグニが場を離れる場合、代わりに持ち主のトラッシュに置かれる）,：カードを１枚引く。
WDK17-022,アクター・ワードローブ,https://www.takaratomy.co.jp/products/wixoss/img/card/WDK17/WDK17-022.jpg,スペル,-,黒,-,-,《黒》×０,-,-,アルフォウ限定,-,-,0,-,-,0,以下の２つから１つを選ぶ。①対象のあなたの＜美巧＞のシグニ１体を場からトラッシュに置く。そうした場合、あなたのトラッシュから対象の＜美巧＞のシグニ１枚を手札に加える。②【エナチャージ１】（あなたのデッキの一番上のカードをエナゾーンに置く）,-
SP01-001,満月の巫女　タマ,https://www.takaratomy.co.jp/products/wixoss/img/card/SP01/SP01-001.jpg,ルリグ,タマ,白,4,《白》×３,-,11,-,-,-,-,0,-,-,0,【常】：あなたの場に《甲冑　ローメイル》があるかぎり、あなたのシグニのパワーを＋2000する,-
SP01-002,弦月の巫女　タマ,https://www.takaratomy.co.jp/products/wixoss/img/card/SP01/SP01-002.jpg,ルリグ,タマ,白,3,《白》×２,-,8,-,-,-,-,0,-,-,0,-,-
SP01-005,新月の巫女　タマ,https://www.takaratomy.co.jp/products/wixoss/img/card/SP01/SP01-005.jpg,ルリグ,タマ,白,0,《白》×０,-,0,-,-,-,-,0,-,-,0,-,-
SP02-001,遊月・肆,https://www.takaratomy.co.jp/products/wixoss/img/card/SP02/SP02-001.jpg,ルリグ,花代/ユヅキ,赤,4,《赤》×３,-,11,-,-,-,-,0,-,-,0,【常】：あなたのターンの間、あなたの場に《羅石　ヴォルカノ》があるかぎり、あなたのシグニのパワーを＋2000する。,-
SP02-002,遊月・参,https://www.takaratomy.co.jp/products/wixoss/img/card/SP02/SP02-002.jpg,ルリグ,花代/ユヅキ,赤,3,《赤》×２,-,8,-,-,-,-,0,-,-,0,-,-
SP02-003,遊月・爾,https://www.takaratomy.co.jp/products/wixoss/img/card/SP02/SP02-003.jpg,ルリグ,花代/ユヅキ,赤,2,《赤》×１,-,5,-,-,-,-,0,-,-,0,-,-
SP02-004,遊月・壱,https://www.takaratomy.co.jp/products/wixoss/img/card/SP02/SP02-004.jpg,ルリグ,花代/ユヅキ,赤,1,《赤》×０,-,2,-,-,-,-,0,-,-,0,-,-
SP06-005,ミルルン・ノット,https://www.takaratomy.co.jp/products/wixoss/img/card/SP06/SP06-005.jpg,ルリグ,ミルルン,青,0,《黒》×０,-,0,-,-,-,-,0,-,-,0,-,-
SP07-001,天啓の天恵　アン=フォース,https://www.takaratomy.co.jp/products/wixoss/img/card/SP07/SP07-001.jpg,ルリグ,アン,緑,4,《緑》×２《白》×１,-,11,-,-,-,-,0,-,-,0,【常】：《天啓の天恵　アン=フォース》のグロウコストとして《白》を支払う際、代わりにあなたのエナゾーンから＜美巧＞のシグニ１枚をトラッシュに置いてもよい。【常】：あなたの＜美巧＞のシグニのパワーを＋1000する。,-
SP07-005,奇跡の軌跡　アン,https://www.takaratomy.co.jp/products/wixoss/img/card/SP07/SP07-005.jpg,ルリグ,アン,緑,0,-,-,0,-,-,-,-,0,-,-,0,-,-
SP07-009,天佑神助,https://www.takaratomy.co.jp/products/wixoss/img/card/SP07/SP07-009.jpg,アーツ,-,緑,-,-,《緑》×２《白》×１,-,-,アン限定,-,メインフェイズ,0,-,-,0,あなたのデッキの一番上のカードをライフクロスに加える。その後、手札から＜美巧＞のシグニを２枚捨ててよい。そうした場合、このカードをあなたのルリグデッキに戻す。,-
SP07-010,天罰覿面,https://www.takaratomy.co.jp/products/wixoss/img/card/SP07/SP07-010.jpg,アーツ,-,緑,-,-,《緑》×１《白》×１《無》×１,-,-,-,-,メインフェイズ,0,-,-,0,対戦相手のシグニのうち、最も大きいパワーを持つすべてのシグニを手札に戻す。,-
SP07-011,不思議な童話　メルへ,https://www.takaratomy.co.jp/products/wixoss/img/card/SP07/SP07-011.jpg,シグニ,精像：美巧,緑,4,-,-,-,12000,アン限定,-,-,0,-,-,1,【常】：あなたが《白》を支払う際、代わりにあなたのエナゾーンから＜美巧＞のシグニ１枚をトラッシュに置いてもよい。【出】《緑》：あなたの＜美巧＞のシグニ１体をバニッシュする。そうした場合、この方法でバニッシュしたシグニよりレベルが１つ大きいシグニ１枚をあなたのデッキから探して場に出し、デッキをシャッフルする。【起】《緑》《白》：対戦相手のパワー15000以上のシグニ１体を対象とし、それを手札に戻す。,：【エナチャージ２】
SP09-002,花代,https://www.takaratomy.co.jp/products/wixoss/img/card/SP09/SP09-002.jpg,ルリグ,花代,赤,0,《赤》×０,-,0,-,-,-,-,0,-,-,0,-,-
SP09-003,ピルルク,https://www.takaratomy.co.jp/products/wixoss/img/card/SP09/SP09-003.jpg,ルリグ,ピルルク,青,0,《青》×０,-,0,-,-,-,-,0,-,-,0,-,-
SP09-004,緑子,https://www.takaratomy.co.jp/products/wixoss/img/card/SP09/SP09-004.jpg,ルリグ,緑子,緑,0,《緑》×０,-,0,-,-,-,-,0,-,-,0,-,-
SP10-001,四面楚火,https://www.takaratomy.co.jp/products/wixoss/img/card/SP10/SP10-001.jpg,アーツ,-,赤,-,-,《赤》×２《無》×２,-,-,ユヅキ限定,-,メインフェイズ,0,-,-,0,このカードは対戦相手のセンタールリグがレベル４以上の場合にしか使用できない。対戦相手のエナゾーンからカードを７枚まで対象とし、それらをトラッシュに置く。,-
SP12-006,エルドラ×マーク０,https://www.takaratomy.co.jp/products/wixoss/img/card/SP12/SP12-006.jpg,ルリグ,エルドラ,青,0,《青》×０,-,0,-,-,-,-,0,-,-,0,-,-
SP12-012,星占の巫女　リメンバ,https://www.takaratomy.co.jp/products/wixoss/img/card/SP12/SP12-012.jpg,ルリグ,リメンバ,白,0,《白》×０,-,0,-,-,-,-,0,-,-,0,-,-
SP12-013,永らえし者　タウィル=ノル,https://www.takaratomy.co.jp/products/wixoss/img/card/SP12/SP12-013.jpg,ルリグ,タウィル,白,0,《白》×０,-,0,-,-,-,-,0,-,-,0,-,-
SP15-001,セレクター,https://www.takaratomy.co.jp/products/wixoss/img/card/SP15/SP15-001.jpg,アーツ,-,無,-,-,《無》×１,-,-,-,-,メインフェイズ,0,-,-,0,あなたのデッキから、限定条件にあなたのセンタールリグのルリグタイプを持つカード１枚を探して公開し手札に加え、デッキをシャッフルする。,-
SP18-002,恋慕の巫女　ユキ,https://www.takaratomy.co.jp/products/wixoss/img/card/SP18/SP18-002.jpg,ルリグ,イオナ,白,0,《白》×０,-,0,-,-,-,-,0,-,-,0,-,-
SP19-004,一ノ娘　緑子,https://www.takaratomy.co.jp/products/wixoss/img/card/SP19/SP19-004.jpg,ルリグ,緑子,緑,1,《緑》×０,-,2,-,-,-,-,0,-,-,0,-,-
SP20-003,あーや！０,https://www.takaratomy.co.jp/products/wixoss/img/card/SP20/SP20-003.jpg,ルリグ,あや,青,0,《青》×０,-,0,-,-,-,-,0,4,-,0,-,-
SP23-009,真剣焦舞,https://www.takaratomy.co.jp/products/wixoss/img/card/SP23/SP23-009.jpg,アーツ,-,赤,-,-,《赤》×１,-,-,リル限定,-,メインフェイズ,0,-,-,0,以下の２つから１つを選ぶ。①ターン終了時まで、《ライズアイコン》を持つあなたのすべてのシグニは【ダブルクラッシュ】を得る。②あなたの場にある《ライズアイコン》を持つシグニ１体につきカードを１枚引く。,-
SP24-009,歳月不待,https://www.takaratomy.co.jp/products/wixoss/img/card/SP24/SP24-009.jpg,アーツ,-,緑,-,-,《緑》×３,-,-,-,-,メインフェイズ,0,-,-,0,あなたのすべてのシグニを場からトラッシュに置き、手札をすべて捨てる。その後、カードを５枚引き、あなたのデッキの一番上のカードをライフクロスに加える。,-
SP24-010,起承転結,https://www.takaratomy.co.jp/products/wixoss/img/card/SP24/SP24-010.jpg,アーツ,-,緑,-,-,《緑》×２《無》×１,-,-,メル限定,-,アタックフェイズ,0,-,-,0,あなたのデッキから＜調理＞のシグニ１枚を探して場に出し、デッキをシャッフルする。そのシグニの【出】能力は発動しない。あなたのデッキの上からカードを２枚エナゾーンに置く。その後、あなたのエナゾーンから《アクセアイコン》を持つシグニ１枚を対象とし、それをこの方法で場に出したシグニの【アクセ】にしてもよい。,-
SP26-001,トワリング,https://www.takaratomy.co.jp/products/wixoss/img/card/SP26/SP26-001.jpg,アーツ,-,青,-,-,《青》×１,-,-,あや限定,-,メインフェイズアタックフェイズ,0,-,-,0,以下の２つから１つを選ぶ。①あなたのデッキの上からカードを５枚見る。その中からカード１枚を【トラップ】としてあなたのシグニゾーンに設置してもよい。残りを好きな順番でデッキの一番上に置く。その後、あなたの【トラップ】１つを対象とし、それを表向きにし《トラップアイコン》を発動させる。②カードを２枚引き、手札１枚を【トラップ】としてあなたのシグニゾーンに設置する。,-
SP26-002,アンチ・アビリティ,https://www.takaratomy.co.jp/products/wixoss/img/card/SP26/SP26-002.jpg,アーツ,-,青,-,-,《青》×１,-,-,-,-,アタックフェイズスペルカットイン,0,-,-,0,このアーツは対戦相手のターンにしか使用できない。このターン、すべての領域にある【ライフバースト】以外の対戦相手のシグニのトリガー能力は発動しない。（「～したとき、」「～時、」と書かれた能力、【出】、【自】、《トラップアイコン》、【ライフバースト】、はトリガー能力である）,-
SP26-003,カウントレス・バレット,https://www.takaratomy.co.jp/products/wixoss/img/card/SP26/SP26-003.jpg,アーツ,-,黒,-,-,《黒》×７,-,-,ナナシ限定,-,アタックフェイズ,0,-,-,0,このアーツの使用コストは、対戦相手の場にある【ウィルス】１つにつき《黒×2》減る。対戦相手のシグニを好きな数対象とし、ターン終了時まで、それらのパワーを合わせて－20000する。この効果では1000単位でしか数字を割り振ることができない。,-
SP26-005,ピース・サイン,https://www.takaratomy.co.jp/products/wixoss/img/card/SP26/SP26-005.jpg,アーツ,-,白,-,-,《白》×１,-,-,ドーナ限定,-,メインフェイズアタックフェイズ,0,-,-,0,このアーツを使用する際、使用コストとして追加で《白》を支払ってもよい。以下の２つから１つを選ぶ。追加で《白》を支払っていた場合、代わりに２つまで選ぶ。①あなたの手札から＜怪異＞のシグニ１枚を場に出す。②ターン終了時まで、あなたの【レイヤー】を持つすべての＜怪異＞のシグニは「《レイヤーアイコン》【自】：このシグニが場を離れたとき、対戦相手のシグニ１体を対象とし、それを手札に戻す。」を得る。,-
SP26-006,レフト・ホープ,https://www.takaratomy.co.jp/products/wixoss/img/card/SP26/SP26-006.jpg,アーツ,-,白,-,-,《白》×２,-,-,-,-,アタックフェイズ,0,-,-,0,対戦相手のすべてのシグニをトラッシュに置く。対戦相手はこのターンの次に、追加の１ターンを得る。,-
SP26-007,天変地威,https://www.takaratomy.co.jp/products/wixoss/img/card/SP26/SP26-007.jpg,アーツ,-,赤,-,-,《赤》×１,-,-,カーニバル限定,-,メインフェイズアタックフェイズ,0,-,-,0,対戦相手のターンの間、このアーツの使用コストは《赤×3》になる。あなたのデッキをシャッフルし一番上を公開する。それがシグニの場合、それを場に出す。それが＜宇宙＞のシグニの場合、追加でこのカードをルリグデッキに戻す。,-
SP26-008,熾々奮迅,https://www.takaratomy.co.jp/products/wixoss/img/card/SP26/SP26-008.jpg,アーツ,-,赤,-,-,《赤》×６,-,-,-,-,メインフェイズ,0,-,-,0,このアーツの使用コストはあなたのセンタールリグのレベル１につき《赤×1》減る。あなたの赤のシグニ１体を対象とし、ターン終了時まで、それは【アサシン】を得る。あなたのライフクロスが２枚以下の場合、追加でターン終了時まで、それは【ダブルクラッシュ】を得る。あなたのライフクロスが０枚の場合、追加でターン終了時まで、それは「【自】《ターン１回》：このシグニがアタックしたとき、このシグニをアップする。」を得る。,-
SP27-002,幻獣　ダチョウ,https://www.takaratomy.co.jp/products/wixoss/img/card/SP27/SP27-002.jpg,シグニ,精生：空獣/地獣,緑,4,-,-,-,10000,-,-,-,0,-,-,0,【常】：あなたの場に他の＜空獣＞のシグニがあるかぎり、このシグニのパワーは＋1000され、このシグニは対戦相手のシグニの効果を受けない。【常】：あなたの場に他の＜地獣＞のシグニがあるかぎり、このシグニのパワーは＋1000され、このシグニは対戦相手のスペルの効果を受けない。【常】：あなたのセンタールリグが緑であるかぎり、このシグニは「【常】：このシグニの正面のシグニのパワーが15000以上であるかぎり、【アサシン】を得る。」を得る。,-
SP27-003,惨之遊　†バカラ†,https://www.takaratomy.co.jp/products/wixoss/img/card/SP27/SP27-003.jpg,シグニ,精武：遊具,黒,3,-,-,-,8000,-,-,-,0,-,-,0,【自】：アタックフェイズの間、このシグニがあなたの効果によって場からトラッシュに置かれたとき、あなたのトラッシュから《惨之遊　†バカラ†》以外のレベル３以下の＜遊具＞のシグニ１枚を対象とし、それをダウン状態で場に出す。,-
SP27-004,大盾　スパルタン,https://www.takaratomy.co.jp/products/wixoss/img/card/SP27/SP27-004.jpg,シグニ,精武：アーム,白,3,-,-,-,7000,-,-,-,0,-,-,1,【自】：このシグニがバニッシュされたとき、あなたのデッキの上からカードを３枚公開する。その中から＜アーム＞のシグニ１枚を場に出し、残りを好きな順番でデッキの一番下に置く。【出】：あなたのデッキの上からカードを３枚公開する。その中から＜ウェポン＞のシグニ１枚を場に出し、残りを好きな順番でデッキの一番下に置く。,：あなたのデッキから＜アーム＞か＜ウェポン＞のシグニ１枚を探して公開し手札に加え、デッキをシャッフルする。
SP27-005,幻水　アユ,https://www.takaratomy.co.jp/products/wixoss/img/card/SP27/SP27-005.jpg,シグニ,精生：水獣,青,2,-,-,-,5000,エルドラ限定,-,-,0,-,-,1,【自】：このシグニがバニッシュされたとき、《青》を支払ってもよい。そうした場合、あなたのデッキの上から＜水獣＞のシグニがめくれるまで公開し、そのシグニを手札に加えるか場に出す。残りをシャッフルしてデッキの一番下に置く。,：カードを１枚引く。
SP27-006,疾走の魔鹿　フルフル,https://www.takaratomy.co.jp/products/wixoss/img/card/SP27/SP27-006.jpg,シグニ,精像：悪魔,黒,1,-,-,-,2000,-,-,-,0,-,-,0,【常】：あなたのトラッシュにカードが２５枚以上あるかぎり、このシグニは【アサシン】を得る。【自】：このカードが手札かデッキからトラッシュに置かれたとき、あなたのデッキの上からカードを３枚トラッシュに置いてもよい。,-
SP27-007,美濃の油蝮　ドウザン,https://www.takaratomy.co.jp/products/wixoss/img/card/SP27/SP27-007.jpg,シグニ,精像：武勇,赤,1,-,-,-,2000,-,-,-,0,-,-,1,【自】《ターン１回》：あなたか対戦相手が《コインアイコン》を得たとき、あなたはカードを１枚引く。,：カードを１枚引く。
SP27-008,羅植　サボテン,https://www.takaratomy.co.jp/products/wixoss/img/card/SP27/SP27-008.jpg,シグニ,精羅：植物,緑,2,-,-,-,5000,-,-,-,0,-,-,1,【起】《メインフェイズアイコン》《アタックフェイズアイコン》《緑》《無》このシグニを場からトラッシュに置く：対戦相手のパワー10000以下のシグニ１体を対象とし、それをバニッシュする。,：どちらか１つを選ぶ。①カードを１枚引く。②対戦相手のパワー1000以下のシグニ１体を対象とし、それをバニッシュする。
SP27-009,快睡の夢魔　サクバス,https://www.takaratomy.co.jp/products/wixoss/img/card/SP27/SP27-009.jpg,シグニ,精像：天使/悪魔,黒,3,-,-,-,7000,-,-,-,0,-,-,0,【起】《ダウン》：あなたのデッキの上からカードを３枚見る。その中から＜天使＞か＜悪魔＞のシグニ１枚を公開し手札に加え、残りを好きな順番でデッキの一番下に置く。,-
SP27-010,火電一閃,https://www.takaratomy.co.jp/products/wixoss/img/card/SP27/SP27-010.jpg,アーツ,-,赤,-,-,《赤》×１,-,-,-,-,メインフェイズアタックフェイズ,0,-,-,0,アンコール－あなたのセンタールリグの下からカード２枚をルリグトラッシュに置く以下の３つから１つを選ぶ。①レゾナではない対戦相手のレベル２以下のシグニ１体を対象とし、それをバニッシュする。②カードを１枚引く。このターンに対戦相手がスペルを使用していた場合、追加でカードを１枚引く。③対戦相手のパワー12000以下のシグニ１体を対象とし、あなたのライフクロスが０枚の場合、それをバニッシュする。,-
SP27-011,羅星　マルカブ,https://www.takaratomy.co.jp/products/wixoss/img/card/SP27/SP27-011.jpg,シグニ,精羅：宇宙,白,2,-,-,-,5000,-,-,-,0,-,-,0,【出】：あなたの場にレゾナがある場合、以下の４つから１つを選ぶ。①カードを１枚引く。②あなたのデッキの一番上のカードをエナゾーンに置く。③対戦相手のレベル３以下のシグニ１体を対象とし、それを手札に戻す。④各プレイヤーは自分のデッキの上からカードを４枚トラッシュに置く。,-
SP27-012,悲劇の予言　§テティス§,https://www.takaratomy.co.jp/products/wixoss/img/card/SP27/SP27-012.jpg,シグニ,精像：天使,青,3,-,-,-,7000,-,-,-,0,-,-,0,【自】：このシグニがアタックしたとき、あなたの場にこのシグニと共通する色を持たない他の＜天使＞のシグニがある場合、カードを１枚引く。あなたの場にそれぞれ共通する色を持たない＜天使＞のシグニが３体ある場合、代わりにカードを２枚引く。,-
SP27-013,幻怪　ベンザイテン,https://www.takaratomy.co.jp/products/wixoss/img/card/SP27/SP27-013.jpg,シグニ,精生：怪異,白,2,-,-,-,5000,-,-,-,0,-,-,0,【常】：対戦相手は場にあるシグニの【起】能力を使用できない。（効果を受けないシグニの能力も使用できない）,-
SP27-014,中水罠　オトヒメ,https://www.takaratomy.co.jp/products/wixoss/img/card/SP27/SP27-014.jpg,シグニ,精生：水獣/精武：トリック,青,2,-,-,-,3000,-,-,-,0,-,-,0,【常】：あなたの他の青のシグニのパワーを＋2000する。【自】：このシグニが対戦相手の効果によっていずれかの領域からトラッシュに置かれたとき、以下の３つから１つを選ぶ。①カードを１枚引く。②あなたのデッキの一番上のカードをエナゾーンに置く。③対戦相手のシグニ１体を対象とし、手札を１枚捨ててもよい。そうした場合、それをバニッシュする。,-
SP27-015,コードイート　トンカツ,https://www.takaratomy.co.jp/products/wixoss/img/card/SP27/SP27-015.jpg,シグニ,精械：調理,緑,1,-,-,-,2000,-,-,-,0,-,-,0,【起】《メインフェイズアイコン》《アタックフェイズアイコン》《緑×0》：場にあるこのシグニを対象のあなたの他のシグニ１体の【アクセ】にする。そうした場合、このシグニに付いていた【アクセ】１枚を対象のあなたのシグニ１体に付けてもよい。【常】：これにアクセされているシグニのパワーを＋1000する。【常】：これにアクセされているシグニは「【起】《ターン１回》《メインフェイズアイコン》《アタックフェイズアイコン》あなたの【アクセ】２枚をトラッシュに置く：対戦相手のシグニ１体を対象とし、それをバニッシュする。」を得る。,-
SP27-016,決闘文具,https://www.takaratomy.co.jp/products/wixoss/img/card/SP27/SP27-016.jpg,アーツ,-,緑,-,-,《緑》×１,-,-,-,-,メインフェイズアタックフェイズ,0,-,-,0,アンコール－あなたのセンタールリグの下からカード２枚をルリグトラッシュに置く以下の３つから１つを選ぶ。①あなたのデッキからあなたのセンタールリグと共通する色を持つカードを２枚まで探してエナゾーンに置き、デッキをシャッフルする。②このターン、対戦相手のセンタールリグかシグニがアタックしたとき、そのアタックがこのターン一度目の場合、そのアタックを無効にする。③ターン終了時まで、対戦相手のすべてのシグニは【シャドウ】【アサシン】【ランサー】【ダブルクラッシュ】を失い、それらを新たに得られない。,-
SP27-017,太陽の御者　≡ヘリオス≡,https://www.takaratomy.co.jp/products/wixoss/img/card/SP27/SP27-017.jpg,シグニ,精像：天使,赤,2,-,-,-,5000,タウィル限定,-,-,0,-,-,0,【起】《ダウン》：あなたのトラッシュからレベル４以下の＜天使＞のシグニ１枚を対象とし、それをこのシグニの下に置く。【起】《アタックフェイズアイコン》このシグニの下からカード２枚をトラッシュに置く：対戦相手のシグニ１体を対象とし、それをバニッシュする。,-
SP27-018,ドライ＝ラミア,https://www.takaratomy.co.jp/products/wixoss/img/card/SP27/SP27-018.jpg,シグニ,精武：毒牙,黒,3,-,-,-,7000,-,-,-,0,-,-,1,【起】《アタックフェイズアイコン》《黒》《黒》《無》トラッシュにあるこのカードをゲームから除外する：対戦相手のシグニ１体を対象とし、ターン終了時まで、それの基本パワーを０にする。,：どちらか１つを選ぶ。①カードを１枚引く。②【エナチャージ１】
SP35-026,黒衣の花嫁　アルフォウ,https://www.takaratomy.co.jp/products/wixoss/img/card/SP35/SP35-026.jpg,ルリグ,アルフォウ,黒,0,《黒》×０,-,0,-,-,-,-,0,-,-,0,-,-
SP35-027,冥者　ハナレ,https://www.takaratomy.co.jp/products/wixoss/img/card/SP35/SP35-027.jpg,ルリグ,ハナレ,黒,0,《黒》×０,-,0,-,-,-,-,0,-,-,0,-,-
SP35-028,閉ざされし使　リワト＝ノル,https://www.takaratomy.co.jp/products/wixoss/img/card/SP35/SP35-028.jpg,ルリグ,タウィル,無,0,《無》×０,-,0,-,-,-,-,0,-,-,0,-,-
SP36-001,炎のタマ,https://www.takaratomy.co.jp/products/wixoss/img/card/SP36/SP36-001.jpg,アーツ,-,赤,-,-,《赤》×３《無》×３,-,-,-,-,アタックフェイズスペルカットイン,0,-,-,0,このターンに対戦相手がスペルを使用していた場合、このアーツの使用コストは使用されたスペル１枚につき《赤×1》《無×1》減る。このターンに対戦相手がアーツを使用していた場合、このアーツの使用コストは《赤×3》《無×3》減る。このターン、あなたはゲームに敗北しない。このカードをゲームから除外する。,-
SP38-001,クロス・テンスグロウ！,https://www.takaratomy.co.jp/products/wixoss/img/card/SP38/SP38-001.jpg,アーツ,-,白,-,-,《白》×０,-,-,-,-,アタックフェイズ,0,-,-,0,あなたのセンタールリグのレベルが対戦相手より低い場合、あなたのセンタールリグをグロウしてもよい。この方法でグロウしたルリグの【出】能力は発動しない。その後、あなたのセンタールリグと同じレベルの対戦相手のルリグかシグニ１体を対象とし、ターン終了時まで、それは「【常】：アタックできない。」を得る。,-
SP38-002,炎天烈術,https://www.takaratomy.co.jp/products/wixoss/img/card/SP38/SP38-002.jpg,アーツ,-,赤,-,-,《赤》×２《無》×３,-,-,-,-,アタックフェイズスペルカットイン,0,-,-,0,あなたのライフクロスが対戦相手より多い場合、このアーツの使用コストは《無×3》減る。このターン、あなたのライフクロスが対戦相手より少ないかぎり、あなたのライフクロスはクラッシュされない。,-
SP38-003,ロック・テンカウント,https://www.takaratomy.co.jp/products/wixoss/img/card/SP38/SP38-003.jpg,アーツ,-,青,-,-,《青》×３,-,-,-,-,アタックフェイズ,0,-,-,0,このアーツを使用する際、手札から青のカードを３枚まで捨てる。このアーツの使用コストはこの方法で捨てたカード１枚につき《青×1》減る。このターン、対戦相手は手札を３枚捨てないかぎりシグニでアタックできない。（アタックするごとに捨てる）,-
SP38-004,十年一昔,https://www.takaratomy.co.jp/products/wixoss/img/card/SP38/SP38-004.jpg,アーツ,-,緑,-,-,《緑》×２,-,-,-,-,メインフェイズアタックフェイズスペルカットイン,0,-,-,0,このアーツを使用する際、使用コストとして追加で《無×3》を支払ってもよい。以下の２つから１つを選ぶ。追加で《無×3》を支払っていた場合、代わりに２つ選ぶ。①あなたのトラッシュにあるすべてのカードをデッキに加えてシャッフルし、デッキの一番上のカードをライフクロスに加える。②対戦相手は自分のトラッシュにあるすべてのカードをデッキに加えてシャッフルし、自分のライフクロス１枚をエナゾーンに置く。,-
SP38-005,ダーク・テンペスト,https://www.takaratomy.co.jp/products/wixoss/img/card/SP38/SP38-005.jpg,アーツ,-,黒,-,-,《黒》×０,-,-,-,-,メインフェイズ,0,-,-,0,対戦相手のターンの間、あなたのセンタールリグのレベルが対戦相手より低い場合、このアーツは《アタックフェイズアイコン》を得、このアーツの使用コストは《黒×2》《無×2》増える。対戦相手のルリグ１体を対象とし、ターン終了時まで、それのレベルを－１する。,-
SP38-006,創鍵の巫女　マユ,https://www.takaratomy.co.jp/products/wixoss/img/card/SP38/SP38-006.jpg,キー,-,白黒,-,-,《コインアイコン》×１,-,-,-,-,-,0,-,-,0,【常】：あなたのセンタールリグは以下の能力を得る。『【起】エクシード１：このターン、対戦相手の場にあるキーとシグニは能力を失い、新たに得られない。【起】《アタックフェイズアイコン》エクシード２：対戦相手のシグニゾーンにあるシグニ１体を対象とし、それをトラッシュに置く。対戦相手は自分のデッキの上からカードを３枚見て、その中からシグニを１枚まで場に出し、残りを好きな順番でデッキの一番下に置く。』【起】このキーを場からルリグトラッシュに置く：あなたはこのターンの次に、追加の１ターンを得る。あなたの次のアタックフェイズとグロウフェイズをスキップする。,-
SP38-007,ヴィクティム・メモリーズ,https://www.takaratomy.co.jp/products/wixoss/img/card/SP38/SP38-007.jpg,スペル,-,無,-,-,《無》×１,-,-,-,-,-,0,-,-,1,あなたのデッキの上からカードを１０枚見る。その中からカードを１枚まで手札に加え、残りをデッキに加えてシャッフルする。,：あなたのデッキの上からカードを１０枚見る。その中からカードを１枚まで手札に加え、残りをデッキに加えてシャッフルする。
SP38-008,轟炎　花代・爾転,https://www.takaratomy.co.jp/products/wixoss/img/card/SP38/SP38-008.jpg,ルリグ,花代,赤,2,《赤》×２,-,6,-,-,-,-,0,-,-,0,【常】：あなたのグロウフェイズをスキップする。【常】《自分ターン》：あなたの中央のシグニゾーンにあるシグニのパワーを＋5000する。【起】《ゲーム１回》《赤》《赤》《赤》：このターン、次にこのルリグがアタックしたとき、そのアタックの間、対戦相手は【ガード】ができない。,-
SPK01-01,コードライド　シマカゼ,https://www.takaratomy.co.jp/products/wixoss/img/card/SPK01/SPK01-01.jpg,シグニ,精械：乗機,赤,2,-,-,-,5000,レイラ限定,-,-,0,-,-,0,【起】《ターン１回》《赤》：ターン終了時まで、対象のあなたのセンタールリグ１体は対象のあなたの＜乗機＞のシグニ１体に乗る。（すでに他のシグニに乗っている場合は乗り換える）,-
SPK01-02,魔界の詩文　ダンテ,https://www.takaratomy.co.jp/products/wixoss/img/card/SPK01/SPK01-02.jpg,シグニ,精像：悪魔,青,1,-,-,-,1000,ピルルク限定,-,-,0,-,-,0,【出】：あなたの手札からカードを２枚までこのシグニの下に置く。【自】：このシグニが場を離れたとき、あなたのトラッシュからこのカードの下にあったカードを２枚まで対象とし、それらを手札に加える。,-
SPK01-03,幻怪　カマイタチ,https://www.takaratomy.co.jp/products/wixoss/img/card/SPK01/SPK01-03.jpg,シグニ,精生：怪異,緑,3,-,-,-,8000,緑子限定,-,-,0,-,-,0,【出】《緑》ルリグデッキからアーツ１枚をルリグトラッシュに置く：対戦相手のレベル３以上のシグニ１体を対象とし、それをエナゾーンに置く。,-
SPK01-04,讃の遊　ベッドメリー,https://www.takaratomy.co.jp/products/wixoss/img/card/SPK01/SPK01-04.jpg,シグニ,精武：遊具,白,3,-,-,-,8000,タマ限定,-,-,0,-,-,0,【自】《ターン１回》：あなたのアタックフェイズの間、シグニ１体が場から手札に戻ったとき、このシグニをアップする。,-
SPK01-05,中装　カンショウ・バクヤ,https://www.takaratomy.co.jp/products/wixoss/img/card/SPK01/SPK01-05.jpg,シグニ,精武：アーム,赤,2,-,-,-,5000,リル限定,-,-,0,-,-,1,【自】：このシグニがライズされたとき、対戦相手のパワー8000以下のシグニ１体を対象とし、《赤》《赤》を支払ってもよい。そうした場合、それをバニッシュする。【出】：対戦相手のパワー3000以下のシグニ１体を対象とし、あなたのセンタールリグと対戦相手のセンタールリグのレベルが同じ場合、それをバニッシュする。,：カードを１枚引く。
SPK01-06,島原の一揆　トキサダ,https://www.takaratomy.co.jp/products/wixoss/img/card/SPK01/SPK01-06.jpg,シグニ,精像：武勇,黒,3,-,-,-,7000,カーニバル限定,-,-,0,-,-,0,【起】《ターン１回》《黒》デッキの上からカードを４枚トラッシュに置く：対戦相手のシグニ１体を対象とし、ターン終了時まで、それのパワーを－4000する。,-
SPK01-07,獣爪一対,https://www.takaratomy.co.jp/products/wixoss/img/card/SPK01/SPK01-07.jpg,アーツ,-,緑,-,-,《緑》×３《無》×２,-,-,-,-,メインフェイズアタックフェイズ,0,-,-,0,このアーツを使用する際、あなたのキー１枚を場からルリグトラッシュに置いてもよい。そうした場合、このアーツの使用コストは《緑×3》減る。以下の３つから２つまで選ぶ。①対戦相手のパワー12000以上のシグニ１体を対象とし、それをバニッシュする。②カードを２枚引く。③このターン、対戦相手のセンタールリグがアタックしたとき、そのアタックを無効にする。,-
SPK01-08,衆英の出資　クラファン,https://www.takaratomy.co.jp/products/wixoss/img/card/SPK01/SPK01-08.jpg,シグニ,精像：英知,青,1,-,-,-,2000,リメンバ限定,-,-,0,-,-,0,【出】：あなたのデッキの上からカードを４枚見る。その中から３枚を好きな順番でデッキの一番下に置き、残りをトラッシュに置く。,-
SPK01-09,大罠　ハート・クイーン,https://www.takaratomy.co.jp/products/wixoss/img/card/SPK01/SPK01-09.jpg,シグニ,精武：トリック,黒,3,-,-,5,12000,グズ子限定,-,-,0,-,-,1,【自】：このシグニがアタックしたとき、あなたのデッキの上からカードを５枚公開する。その後、対戦相手のシグニ１体を対象とし、ターン終了時まで、それのパワーをこの方法で公開されたレベルが奇数のシグニ１枚につき－2000する。公開したカードをシャッフルしてデッキの一番下に置く。【出】《黒》《黒》：あなたのトラッシュから《大罠　ハート・クイーン》以外のレベルが奇数の＜トリック＞のシグニ１枚を対象とし、それを手札に加える。,：あなたのトラッシュから、対象のレベル１の＜トリック＞のシグニ１枚を場に出し対象のレベル３の＜トリック＞のシグニ１枚を手札に加える。
SPK01-10,羅植　ミズバショウ,https://www.takaratomy.co.jp/products/wixoss/img/card/SPK01/SPK01-10.jpg,シグニ,精羅：植物,白,2,-,-,-,5000,イオナ限定,-,-,0,-,-,1,【出】：あなたのデッキの上からカードを２枚エナゾーンに置く。ターン終了時、それらをあなたのエナゾーンからトラッシュに置く。このターン、あなたは１以上のエナコストを支払えない。（エナコストは《白》《赤》《青》《緑》《黒》《無》で表記される）,：【エナチャージ１】
SPK01-11,コードイート　ラズベリー,https://www.takaratomy.co.jp/products/wixoss/img/card/SPK01/SPK01-11.jpg,シグニ,精械：調理,青,2,-,-,-,3000,エルドラ限定,-,-,0,-,-,0,【自】：このカードが【アクセ】としてシグニに付いたとき、以下の３つから１つを選ぶ。①「【常】：このシグニは対戦相手の効果によってダウンしない。」②「【常】：このシグニは対戦相手の効果によって手札に戻らない。」③「【自】：このシグニがアタックしたとき、カードを１枚引く。」【常】：これにアクセされているシグニは上の【自】能力で選んだ能力を得る。,-
SPK01-12,幻水　ナポフィ,https://www.takaratomy.co.jp/products/wixoss/img/card/SPK01/SPK01-12.jpg,シグニ,精生：水獣,緑,3,-,-,-,8000,ユヅキ限定,-,-,0,-,-,0,【自】：このシグニがアタックしたとき、あなたのトラッシュからこのターンに手札から捨てた＜水獣＞のシグニ１枚を対象とし、《緑》を支払ってもよい。そうした場合、それを手札に加える。,-
SPK01-13,セレクト・ハッピー５,https://www.takaratomy.co.jp/products/wixoss/img/card/SPK01/SPK01-13.jpg,アーツ,-,白,-,-,《白》×０,-,-,-,-,メインフェイズアタックフェイズスペルカットイン,0,-,-,0,アンコール－キー１枚を場からルリグトラッシュに置く以下の５つから１つを選ぶ。①あなたのトラッシュからシグニ１枚を対象とし、それを手札に加える。②対戦相手のトラッシュにあるカードを２枚まで対象とし、それらをゲームから除外する。③このターン、あなたは対戦相手の効果によってダメージを受けない。④対戦相手のシグニ１体を対象とし、ターン終了時まで、それは「【常】：アタックできない。」を得る。⑤ターン終了時まで、対戦相手のすべてのシグニは効果によって得ている能力を失う。,-
SPK01-14,祝福の五光,https://www.takaratomy.co.jp/products/wixoss/img/card/SPK01/SPK01-14.jpg,スペル,-,赤,-,-,《赤》×２《無》×１,-,-,-,-,-,0,-,-,0,このスペルの使用コストは対戦相手のコイン１枚につき《赤×1》減る。以下の２つから１つを選ぶ。①対戦相手のシグニ１体を対象とし、それをバニッシュする。そうした場合、カードを１枚引くか【エナチャージ１】をする。②カードを５枚引く。対戦相手はあなたの手札を２枚見ないで選び、あなたはそれらを捨てる。,-
SPK01-15,魔界の五裁　マルバス,https://www.takaratomy.co.jp/products/wixoss/img/card/SPK01/SPK01-15.jpg,シグニ,精像：悪魔,青,2,-,-,-,5000,-,-,-,0,-,-,0,【自】：対戦相手のターン終了時、あなたのトラッシュから無色ではないシグニ１枚を対象とし、あなたの手札が０枚の場合、それを手札に加える。【出】：対戦相手のシグニ１体を対象とし、対戦相手の手札があなたより５枚以上多い場合、ターン終了時まで、それのパワーを－10000する。,-
SPK03-21,コード・ピルルク　GND,https://www.takaratomy.co.jp/products/wixoss/img/card/SPK03/SPK03-21.jpg,ルリグ,ピルルク,緑,0,《緑》×０,-,0,-,-,-,-,0,-,-,0,-,-
SPK06-01,千差爆別,https://www.takaratomy.co.jp/products/wixoss/img/card/SPK06/SPK06-01.jpg,アーツ,-,赤,-,-,《赤》×２,-,-,レイラ限定,-,メインフェイズアタックフェイズ,0,-,-,0,このアーツを使用する際、使用コストとして追加で《赤×2》か《赤×4》を支払ってもよい。対戦相手のシグニ１体を対象とし、それをバニッシュする。追加で《赤×2》を支払っていた場合、代わりに対戦相手のシグニ２体を対象とし、それらをバニッシュする。追加で《赤×4》を支払っていた場合、代わりに対戦相手のシグニ３体を対象とし、それらをバニッシュする。このゲームの間、あなたの＜レイラ＞が持つコイン技の《ゲーム１回》を《ゲーム２回》にし、あなたが次に使用するコイン技の使用コストは《コイン×1》減る。,-
SPK06-02,グレイブ・ブルー,https://www.takaratomy.co.jp/products/wixoss/img/card/SPK06/SPK06-02.jpg,アーツ,-,青,-,-,《青》×２《無》×２,-,-,ピルルク限定,-,メインフェイズアタックフェイズ,0,-,-,0,あなたのトラッシュから＜悪魔＞のシグニを２枚まで対象とし、それらを場に出す。あなたは手札をすべて捨てる。,-
SPK06-05,アーク・クロス・カウンター,https://www.takaratomy.co.jp/products/wixoss/img/card/SPK06/SPK06-05.jpg,アーツ,-,白,-,-,《白》×５,-,-,タマ限定,-,アタックフェイズ,0,-,-,0,このアーツの使用コストとして、追加であなたのセンタールリグの下からカード４枚をルリグトラッシュに置く。対戦相手のセンタールリグとすべてのシグニをダウンする。,-
