Status,CardNum,CardName,Type,EffectId,EffectType,LastLog
,WD02-014,羅石　アメジスト,シグニ,WD02-014-E1,AUTO,(ログなし)
,WD02-015,轟音の火柱,スペル,WD02-015-E1,ACTIVATED,(ログなし)
,WD05-008,グレイブ・アウト,アーツ,WD05-008-E1,ACTIVATED,(ログなし)
,WD05-009,堕落の砲女　メツム,シグニ,WD05-009-BURST,LIFE_BURST,(ログなし)
,WD05-018,想起する祝福,スペル,WD05-018-E1,ACTIVATED,(ログなし)
,WD05-018,想起する祝福,スペル,WD05-018-BURST,LIFE_BURST,(ログなし)
,WX01-025,サルベージ,アーツ,WX01-025-E1,ACTIVATED,(ログなし)
,WX01-027,原槍　エナジェ,シグニ,WX01-027-E2,AUTO,[深さ上限]
,WX01-031,コードハート　Ｖ・Ａ・Ｃ,シグニ,WX01-031-E3,ACTIVATED,(ログなし)
,WX01-040,羅石　オリハルク,シグニ,WX01-040-E1,AUTO,(ログなし)
,WX01-040,羅石　オリハルク,シグニ,WX01-040-BURST,LIFE_BURST,(ログなし)
,WX01-069,爆砲　ランチャン,シグニ,WX01-069-E1,ACTIVATED,(ログなし)
,WX01-072,小砲　ドラグノフ,シグニ,WX01-072-E1,ACTIVATED,(ログなし)
,WX01-079,コードアート　Ｗ・Ｔ・Ｃ,シグニ,WX01-079-E1,AUTO,(ログなし)
,WX01-081,コードアート　Ｔ・Ｖ,シグニ,WX01-081-E1,AUTO,(ログなし)
,WX01-099,逆出,スペル,WX01-099-E1,ACTIVATED,(ログなし)
,WX02-007,轟炎罪　遊月・参,ルリグ,WX02-007-E1,ACTIVATED,(ログなし)
,WX02-024,羅植姫　ゴーシュ・アグネス,シグニ,WX02-024-E1,AUTO,(ログなし)
,WX02-031,ゲット・バウンド,スペル,WX02-031-BURST,LIFE_BURST,(ログなし)
,WX02-034,望まぬ衝動,スペル,WX02-034-E1,ACTIVATED,(ログなし)
,WX02-034,望まぬ衝動,スペル,WX02-034-BURST,LIFE_BURST,(ログなし)
,WX02-042,コードアンチ　パルベック,シグニ,WX02-042-E1,ACTIVATED,(ログなし)
,WX02-053,羅石　ヒスイ,シグニ,WX02-053-E1,AUTO,(ログなし)
,WX02-068,悪魔の勇武　モリガ,シグニ,WX02-068-BURST,LIFE_BURST,(ログなし)
,WX02-069,コードアンチ　ネビュラ,シグニ,WX02-069-E1,ACTIVATED,(ログなし)
,WX02-071,コードアンチ　デリー,シグニ,WX02-071-E1,ACTIVATED,(ログなし)
,WX02-073,コードアンチ　テキサハンマ,シグニ,WX02-073-E1,AUTO,(ログなし)
,WX03-011,創造の鍵主　ウムル＝トレ,ルリグ,WX03-011-E1,AUTO,(ログなし)
,WX03-020,コードアンチ　パルテノ,シグニ,WX03-020-E1,AUTO,(ログなし)
,WX03-020,コードアンチ　パルテノ,シグニ,WX03-020-BURST,LIFE_BURST,(ログなし)
,WX03-042,コードアート　Ｋ・Ｅ・Ｙ,シグニ,WX03-042-E1,ACTIVATED,(ログなし)
,WX03-043,ＩＣＥ　ＢＲＥＡＫ,スペル,WX03-043-E1,ACTIVATED,(ログなし)
,WX03-050,ライヴス・ガット,スペル,WX03-050-E1,ACTIVATED,(ログなし)
,WX03-050,ライヴス・ガット,スペル,WX03-050-BURST,LIFE_BURST,(ログなし)
,WX04-001,紅蓮の巫女　タマヨリヒメ,ルリグ,WX04-001-E1,AUTO,(ログなし)
,WX04-006,紅蓮の閻魔　ウリス,ルリグ,WX04-006-E1,AUTO,(ログなし)
,WX04-015,マインド・マインズ,アーツ,WX04-015-E1,ACTIVATED,[深さ上限]
,WX04-021,辛苦の閻魔　ウリス,ルリグ,WX04-021-E2,ACTIVATED,(ログなし)
,WX04-026,オーバーサルベージ,アーツ,WX04-026-E1,ACTIVATED,(ログなし)
,WX04-030,トライ・シグナル,スペル,WX04-030-E1,ACTIVATED,[深さ上限]
,WX04-038,バイオレンス・スプラッシュ,スペル,WX04-038-BURST,LIFE_BURST,(ログなし)
,WX04-050,非可視の現実　キュビ,シグニ,WX04-050-E1,ACTIVATED,[深さ上限]
,WX04-062,小壊　棍,シグニ,WX04-062-E1,AUTO,[深さ上限]
,WX04-074,懐疑する慟哭,スペル,WX04-074-E1,ACTIVATED,(ログなし)
,WX04-076,コードアート　Ｄ・Ｅ・Ｆ,シグニ,WX04-076-E1,ACTIVATED,(ログなし)
,WX04-099,ツヴァイ＝サリナ,シグニ,WX04-099-E1,AUTO,(ログなし)
,WX04-101,アイン＝ダガ,シグニ,WX04-101-E1,ACTIVATED,[深さ上限]
,WX05-020,羅輝石　ダイヤブライド,シグニ,WX05-020-E1,AUTO,[深さ上限]
,WX05-023,羅原　Ｕ,シグニ,WX05-023-BURST,LIFE_BURST,(ログなし)
,WX05-026,コードアンシエンツ　ネクロノミコ,シグニ,WX05-026-E1,AUTO,(ログなし)
,WX05-027,堕落の才女　ルシファル,シグニ,WX05-027-E2,AUTO,(ログなし)
,WX05-027,堕落の才女　ルシファル,シグニ,WX05-027-BURST,LIFE_BURST,(ログなし)
,WX05-036,幻水　ジンベイ,シグニ,WX05-036-E1,AUTO,[深さ上限]
,WX05-050,コードメイズ　ミッシェル,シグニ,WX05-050-E1,ACTIVATED,[深さ上限]
,WX05-059,延命の選択,スペル,WX05-059-E1,ACTIVATED,(ログなし)
,WX05-075,コードアンチ　アラハバキ,シグニ,WX05-075-E1,AUTO,(ログなし)
,WX05-081,リバイブ・フレア,スペル,WX05-081-E1,ACTIVATED,(ログなし)
,WX06-001,永らえし者　タウィル＝フィーラ,ルリグ,WX06-001-E2,ACTIVATED,[深さ上限]
,WX06-001,永らえし者　タウィル＝フィーラ,ルリグ,WX06-001-E3,ACTIVATED,[深さ上限]
,WX06-014,創造の鍵主　ウムル＝フェム,ルリグ,WX06-014-E2,ACTIVATED,[深さ上限]
,WX06-015,スペル・サルベージ,アーツ,WX06-015-E1,ACTIVATED,(ログなし)
,WX06-018,弩炎　フレイスロ大佐,シグニ,WX06-018-BURST,LIFE_BURST,(ログなし)
,WX06-021,フィア＝ダイオ姫,シグニ,WX06-021-E1,AUTO,[深さ上限]
,WX06-021,フィア＝ダイオ姫,シグニ,WX06-021-BURST,LIFE_BURST,(ログなし)
,WX06-030,羅原　Ａｒ,シグニ,WX06-030-E1,AUTO,(ログなし)
,WX06-036,コードアンチ　ゴルスペ　,シグニ,WX06-036-E1,AUTO,(ログなし)
,WX06-037,インヘイリング・ホール,スペル,WX06-037-E1,ACTIVATED,(ログなし)
,WX07-022,エクスクルード,アーツ,WX07-022-E1,ACTIVATED,(ログなし)
,WX07-027,羅原　Ｈ,シグニ,WX07-027-E3,AUTO,(ログなし)
,WX07-034,羅星　アルフェカ,シグニ,WX07-034-BURST,LIFE_BURST,(ログなし)
,WX07-045,明滅の罪雅　ダエワ,シグニ,WX07-045-E1,AUTO,(ログなし)
,WX07-050,羅星　アルヘナ,シグニ,WX07-050-E1,AUTO,[深さ上限]
,WX07-060,絶対の炎武,スペル,WX07-060-E1,ACTIVATED,(ログなし)
,WX08-001,金蘭之契　花代・肆,ルリグ,WX08-001-E1,AUTO,[深さ上限]
,WX08-018,恐悦至極,アーツ,WX08-018-E1,ACTIVATED,[深さ上限]
,WX08-023,羅星姫　フォウト,シグニ,WX08-023-E2,AUTO,(ログなし)
,WX08-023,羅星姫　フォウト,シグニ,WX08-023-E3,ACTIVATED,(ログなし)
,WX08-027,コードアート　Ｈ・Ｉ,シグニ,WX08-027-E3,AUTO,(ログなし)
,WX08-029,音階の右律　トオン,シグニ,WX08-029-E2,ACTIVATED,[深さ上限]
,WX08-029,音階の右律　トオン,シグニ,WX08-029-BURST,LIFE_BURST,(ログなし)
,WX08-031,大幻蟲　ヘラカブト,シグニ,WX08-031-BURST,LIFE_BURST,(ログなし)
,WX08-036,羅石　スピネル,シグニ,WX08-036-E1,ACTIVATED,[深さ上限]
,WX08-072,解決,スペル,WX08-072-E1,ACTIVATED,[深さ上限]
,WX09-006,グレイブ・アウェイク,アーツ,WX09-006-E1,ACTIVATED,(ログなし)
,WX09-012,ブルーコードハート　Ｖ・＠・Ｃ,レゾナ,WX09-012-E1,AUTO,[深さ上限]
,WX09-012,ブルーコードハート　Ｖ・＠・Ｃ,レゾナ,WX09-012-E2,AUTO,(ログなし)
,WX09-017,羅輝石　マラカイト,シグニ,WX09-017-BURST,LIFE_BURST,(ログなし)
,WX09-018,コードハート　Ａ・Ｍ・Ｓ,シグニ,WX09-018-BURST,LIFE_BURST,(ログなし)
,WX09-019,羅植姫　アキナナ,シグニ,WX09-019-E3,AUTO,(ログなし)
,WX09-020,コードアンチ　ヨグソトス,シグニ,WX09-020-BURST,LIFE_BURST,(ログなし)
,WX09-021,フィア＝ヴィックス,シグニ,WX09-021-E2,ACTIVATED,(ログなし)
,WX09-021,フィア＝ヴィックス,シグニ,WX09-021-BURST,LIFE_BURST,(ログなし)
,WX09-025,羅石　カルコ,シグニ,WX09-025-E1,AUTO,(ログなし)
,WX09-028,コードアート　Ｃ・Ｌ,シグニ,WX09-028-E2,AUTO,(ログなし)
,WX09-035,ドライ＝ソマナ,シグニ,WX09-035-E1,AUTO,(ログなし)
,WX09-037,ウトゥルス・ゲート,スペル,WX09-037-E1,ACTIVATED,(ログなし)
,WX09-042,羅石　ボーナイ,シグニ,WX09-042-E1,ACTIVATED,(ログなし)
,WX09-044,羅石　キャルコ,シグニ,WX09-044-E1,ACTIVATED,(ログなし)
,WX09-057,バッド・メディスン,スペル,WX09-057-E1,ACTIVATED,(ログなし)
,WX09-Re02,アイドル・ディフェンス,アーツ,WX09-Re02-E1,ACTIVATED,(ログなし)
,WX09-Re12,烈情の割裂,スペル,WX09-Re12-E1,ACTIVATED,(ログなし)
,WX09-Re14,コードアート　Ｍ・Ｇ・Ｔ,シグニ,WX09-Re14-E1,AUTO,(ログなし)
,WX09-Re14,コードアート　Ｍ・Ｇ・Ｔ,シグニ,WX09-Re14-BURST,LIFE_BURST,(ログなし)
,WX09-Re15,ＴＲＥＡＳＵＲＥ,スペル,WX09-Re15-E1,ACTIVATED,(ログなし)
,WX10-003,アイヤイ★ＪＯＫＥＲ,ルリグ,WX10-003-E3,ACTIVATED,(ログなし)
,WX10-009,縛魔炎　花代・参　,ルリグ,WX10-009-E2,AUTO,[深さ上限]
,WX10-018,暴風警報,アーツ,WX10-018-E1,ACTIVATED,(ログなし)
,WX10-023,ブラック・コフィン,アーツ,WX10-023-E1,ACTIVATED,(ログなし)
,WX10-028,羅星姫　タンサーフォー,シグニ,WX10-028-E1,AUTO,[深さ上限]
,WX10-028,羅星姫　タンサーフォー,シグニ,WX10-028-E2,AUTO,[深さ上限]
,WX10-028,羅星姫　タンサーフォー,シグニ,WX10-028-BURST,LIFE_BURST,(ログなし)
,WX10-030,羅石　イリスアゲート,シグニ,WX10-030-E2,AUTO,[深さ上限]
,WX10-032,幻水姫　アロワナ,シグニ,WX10-032-E1,AUTO,[深さ上限]
,WX10-032,幻水姫　アロワナ,シグニ,WX10-032-BURST,LIFE_BURST,[深さ上限]
,WX10-035,光輝,スペル,WX10-035-BURST,LIFE_BURST,(ログなし)
,WX10-040,レゾナンス,スペル,WX10-040-E1,ACTIVATED,(ログなし)
,WX10-045,ＣＯＯＬＩＮＧ　ＯＦＦ,スペル,WX10-045-E1,ACTIVATED,[深さ上限]
,WX10-049,幻蟲　オオマキリ,シグニ,WX10-049-E1,ACTIVATED,(ログなし)
,WX10-050,コードアンチ　エレチェア,シグニ,WX10-050-BURST,LIFE_BURST,(ログなし)
,WX10-052,サーバント　Ｙ,シグニ,WX10-052-BURST,LIFE_BURST,(ログなし)
,WX10-062,轟砲　アムスト,シグニ,WX10-062-BURST,LIFE_BURST,(ログなし)
,WX10-065,小砲　ブドー,シグニ,WX10-065-E1,AUTO,(ログなし)
,WX10-070,幻水　ベルーガ,シグニ,WX10-070-E1,AUTO,(ログなし)
,WX10-074,肆ノ遊　ツナヒキ,シグニ,WX10-074-E1,AUTO,[深さ上限]
,WX10-078,参ノ遊　ナワトビ,シグニ,WX10-078-E1,AUTO,[深さ上限]
,WX10-080,弐ノ遊　ナゲナワ,シグニ,WX10-080-E1,AUTO,[深さ上限]
,WX10-083,壱ノ遊　アヤトリ,シグニ,WX10-083-E1,AUTO,[深さ上限]
,WX10-087,破戒の水辺　パルヴァ,シグニ,WX10-087-E1,AUTO,(ログなし)
,WX10-092,コードアンチ　ハンマフェイク,シグニ,WX10-092-E1,AUTO,(ログなし)
,WX10-096,バイオレンス・ジェラシー,スペル,WX10-096-E1,ACTIVATED,(ログなし)
,WX11-002,純白の巫女　ユキ,ルリグ,WX11-002-E3,ACTIVATED,[深さ上限]
,WX11-007,神妙の巫女　タマヨリヒメ,ルリグ,WX11-007-E1,AUTO,[深さ上限]
,WX11-013,白羅星　エリス,レゾナ,WX11-013-E2,AUTO,(ログなし)
,WX11-022,三途の閻魔　ウリス,ルリグ,WX11-022-E1,AUTO,(ログなし)
,WX11-027,羅輝石　ゴルドオラ,シグニ,WX11-027-BURST,LIFE_BURST,(ログなし)
,WX11-029,コードハート　Ｍ・Ｐ・Ｐ,シグニ,WX11-029-E1,AUTO,(ログなし)
,WX11-031,幻獣神　ウルティム,シグニ,WX11-031-E1,AUTO,[深さ上限]
,WX11-032,羅植姫　スノロップ,シグニ,WX11-032-BURST,LIFE_BURST,(ログなし)
,WX11-033,弱者の必滅　ディアボロス,シグニ,WX11-033-E3,ACTIVATED,(ログなし)
,WX11-034,大幻蟲　ナナホシ,シグニ,WX11-034-E2,ACTIVATED,(ログなし)
,WX11-035,極鎚　ミョルニル,シグニ,WX11-035-E1,AUTO,(ログなし)
,WX11-038,コードメイズ　キンカク,シグニ,WX11-038-E1,AUTO,[深さ上限]
,WX11-039,ラビリンス・ロマンス,スペル,WX11-039-E1,ACTIVATED,[深さ上限]
,WX11-039,ラビリンス・ロマンス,スペル,WX11-039-BURST,LIFE_BURST,[深さ上限]
,WX11-041,羅石　オロオラ,シグニ,WX11-041-E2,AUTO,(ログなし)
,WX11-044,ＳＨＯＯＴＩＮＧ,スペル,WX11-044-BURST,LIFE_BURST,(ログなし)
,WX11-045,肆ノ遊　タコアゲ,シグニ,WX11-045-E1,AUTO,[深さ上限]
,WX11-049,幻蟲　キイロテン,シグニ,WX11-049-E2,ACTIVATED,(ログなし)
,WX11-050,復讐の右魔　アレークト,シグニ,WX11-050-E1,AUTO,(ログなし)
,WX11-051,レベル・ダウン,スペル,WX11-051-BURST,LIFE_BURST,(ログなし)
,WX11-066,小砲　ワニセン,シグニ,WX11-066-E1,AUTO,(ログなし)
,WX11-067,羅石　アクアオラ,シグニ,WX11-067-E2,AUTO,(ログなし)
,WX12-001,永らえし者　タウィル＝フェム,ルリグ,WX12-001-E3,AUTO,(ログなし)
,WX12-006,緑肆ノ遊　フリーフォール,レゾナ,WX12-006-E1,AUTO,[深さ上限]
,WX12-006,緑肆ノ遊　フリーフォール,レゾナ,WX12-006-E2,AUTO,[深さ上限]
,WX12-008,開きし者　タウィル＝トレ,ルリグ,WX12-008-E1,AUTO,(ログなし)
,WX12-009,クリスタル・ブレイク,アーツ,WX12-009-E1,ACTIVATED,(ログなし)
,WX12-010,ホワイトメイズ　ホデサパ,レゾナ,WX12-010-E3,AUTO,[深さ上限]
,WX12-012,コードピルルク・Φ,ルリグ,WX12-012-E2,AUTO,(ログなし)
,WX12-014,アロワナ・パニック,アーツ,WX12-014-E1,ACTIVATED,[深さ上限]
,WX12-015,緑幻竜　＃ティラザウス＃,レゾナ,WX12-015-E3,AUTO,(ログなし)
,WX12-016,虚心の鍵主　ウムル＝トレ,ルリグ,WX12-016-E1,AUTO,(ログなし)
,WX12-017,ダークアート　†Ｍ・Ｇ・Ｔ†,レゾナ,WX12-017-E2,AUTO,(ログなし)
,WX12-019,弩炎　フレイスロ中将,シグニ,WX12-019-BURST,LIFE_BURST,(ログなし)
,WX12-023,コードアンシエンツ　ヘルボロス,シグニ,WX12-023-E3,ACTIVATED,(ログなし)
,WX12-023,コードアンシエンツ　ヘルボロス,シグニ,WX12-023-BURST,LIFE_BURST,(ログなし)
,WX12-039,彷徨変異の小悪　サユラギ,シグニ,WX12-039-E2,AUTO,(ログなし)
,WX12-043,轟炎　フレイスロ少尉,シグニ,WX12-043-BURST,LIFE_BURST,(ログなし)
,WX12-053,コードアート　†Ｄ・Ｒ・Ｓ†,シグニ,WX12-053-E1,AUTO,(ログなし)
,WX12-CB01,幻竜　ボルシャック,シグニ,WX12-CB01-E3,AUTO,(ログなし)
,WX12-Re02,ケミカル・フラッシュ,アーツ,WX12-Re02-E1,ACTIVATED,[深さ上限]
,WX12-Re17,羅植　ツバキ,シグニ,WX12-Re17-E1,ACTIVATED,(ログなし)
,WX13-002,救済の冥者　ハナレ,ルリグ,WX13-002-E2,ACTIVATED,[深さ上限]
,WX13-005B,白羅星　ニュームーン,レゾナ,WX13-005B-E1,AUTO,(ログなし)
,WX13-006A,黒幻蟲　オウグソク【ＦＡ】,レゾナ,WX13-006A-E2,AUTO,(ログなし)
,WX13-006B,黒幻蟲　オウグソク【ＨＳ】,レゾナ,WX13-006B-E1,AUTO,(ログなし)
,WX13-007,博愛の使者　サシェ・リュンヌ,ルリグ,WX13-007-E3,ACTIVATED,(ログなし)
,WX13-019,緑弐ノ遊　スイングライド,レゾナ,WX13-019-E1,AUTO,[深さ上限]
,WX13-021,傀儡の冥者　ハナレ,ルリグ,WX13-021-E1,AUTO,(ログなし)
,WX13-027,サーバント・アライブ,アーツ,WX13-027-E1,ACTIVATED,(ログなし)
,WX13-028,カラーレス　サーバンツ,レゾナ,WX13-028-E2,AUTO,(ログなし)
,WX13-029,羅星宙姫　ノーザンセブン,シグニ,WX13-029-E1,AUTO,[深さ上限]
,WX13-031,弩中砲　グスタフト,シグニ,WX13-031-BURST,LIFE_BURST,(ログなし)
,WX13-032,幻深水姫　デメニギス,シグニ,WX13-032-E1,AUTO,[深さ上限]
,WX13-036,フィア＝パトラ,シグニ,WX13-036-E2,AUTO,(ログなし)
,WX13-036,フィア＝パトラ,シグニ,WX13-036-BURST,LIFE_BURST,(ログなし)
,WX13-049,羅原　Ｌｉ,シグニ,WX13-049-E2,AUTO,(ログなし)
,WX13-055,千夜の四夜　ソロモン,シグニ,WX13-055-E1,AUTO,(ログなし)
,WX13-058,ドライ＝ダイオ娘,シグニ,WX13-058-E2,ACTIVATED,[深さ上限]
,WX13-059,ドライ＝アグリピナ,シグニ,WX13-059-E1,ACTIVATED,[深さ上限]
,WX13-062,巨弓　ハラダヌ,シグニ,WX13-062-E1,AUTO,(ログなし)
,WX13-070,羅石　アンチモン,シグニ,WX13-070-E1,ACTIVATED,(ログなし)
,WX13-071,羅石　モナズ,シグニ,WX13-071-E1,ACTIVATED,(ログなし)
,WX13-092,ツヴァイ＝チェボル,シグニ,WX13-092-E1,AUTO,(ログなし)
,WX14-001,最幸の巫女　ユキ,ルリグ,WX14-001-E2,ACTIVATED,[深さ上限]
,WX14-003,紡ぐ者,ルリグ,WX14-003-E4,ACTIVATED,(ログなし)
,WX14-006A,緑肆ノ遊　アスレ【ＨＡＲＤ】,レゾナ,WX14-006A-E2,AUTO,[深さ上限]
,WX14-009,炎・花代・伍,ルリグ,WX14-009-E3,ACTIVATED,(ログなし)
,WX14-020,禍因の冥者　ハナレ,ルリグ,WX14-020-E1,AUTO,(ログなし)
,WX14-023,コードキャッスル　ヴェルサ,シグニ,WX14-023-BURST,LIFE_BURST,[深さ上限]
,WX14-031,千苦の大天使　†アークゲイン†,シグニ,WX14-031-E2,AUTO,(ログなし)
,WX14-031,千苦の大天使　†アークゲイン†,シグニ,WX14-031-BURST,LIFE_BURST,(ログなし)
,WX14-032,サーバント　∞,シグニ,WX14-032-BURST,LIFE_BURST,(ログなし)
,WX14-033,大拳　カクシ,シグニ,WX14-033-E2,AUTO,[深さ上限]
,WX14-037,進撃の炎軍,スペル,WX14-037-E1,ACTIVATED,[深さ上限]
,WX14-040,羅植　ヤシ,シグニ,WX14-040-E4,AUTO,(ログなし)
,WX14-044,コードアンチ　ゼコフン,シグニ,WX14-044-E1,AUTO,(ログなし)
,WX14-045,千夜の五夜　シャフリ,シグニ,WX14-045-BURST,LIFE_BURST,(ログなし)
,WX14-046,ドライ＝ロドボル,シグニ,WX14-046-E1,ACTIVATED,[深さ上限]
,WX14-051,大拳　ニンテケ,シグニ,WX14-051-E1,AUTO,[深さ上限]
,WX14-054,幻竜　ザッハーク,シグニ,WX14-054-E1,ACTIVATED,(ログなし)
,WX14-057,爆炎　フレイスロ伍長,シグニ,WX14-057-E1,AUTO,(ログなし)
,WX14-070,フィア＝ヴィリエ,シグニ,WX14-070-E2,ACTIVATED,[深さ上限]
,WX14-071,コードアンチ　マイギリ,シグニ,WX14-071-E1,AUTO,(ログなし)
,WX14-074,コードアンチ　タユソウ,シグニ,WX14-074-E1,AUTO,(ログなし)
,WX14-078,コードアンチ　ジョモドキ,シグニ,WX14-078-E1,AUTO,(ログなし)
,WX14-CB03,幻獣　サーバル,シグニ,WX14-CB03-E2,AUTO,[深さ上限]
,WX15-002,みらくるあーや！Ⅳ,ルリグ,WX15-002-E2,AUTO,(ログなし)
,WX15-010,君熾殉名,アーツ,WX15-010-E1,ACTIVATED,[深さ上限]
,WX15-026,バイオ・ハザード,アーツ,WX15-026-E1,ACTIVATED,(ログなし)
,WX15-036,大幻蟲　§オタガメ§,シグニ,WX15-036-E1,AUTO,(ログなし)
,WX15-036,大幻蟲　§オタガメ§,シグニ,WX15-036-E2,AUTO,(ログなし)
,WX15-039,死之遊姫　†ニホニンギョ†,シグニ,WX15-039-E2,AUTO,(ログなし)
,WX15-039,死之遊姫　†ニホニンギョ†,シグニ,WX15-039-BURST,LIFE_BURST,(ログなし)
,WX15-040,羅菌姫　オイゴナ,シグニ,WX15-040-E2,AUTO,(ログなし)
,WX15-065,羅菌　キョウケン,シグニ,WX15-065-E1,AUTO,(ログなし)
,WX15-071,折刀の円卓　ケイ,シグニ,WX15-071-E1,ACTIVATED,(ログなし)
,WX15-074,白槍の円卓　ガレス,シグニ,WX15-074-E1,ACTIVATED,(ログなし)
,WX15-093,真英の数式　#フィボナチ#,シグニ,WX15-093-E1,ACTIVATED,(ログなし)
,WX15-115,羅菌　ジフテロ,シグニ,WX15-115-E1,ACTIVATED,(ログなし)
,WX15-Re15,コードアンチ　メイジ,シグニ,WX15-Re15-E1,ACTIVATED,[深さ上限]
,WX16-025,幻怪姫　スノークイーン,シグニ,WX16-025-E1,AUTO,(ログなし)
,WX16-025,幻怪姫　スノークイーン,シグニ,WX16-025-E3,ACTIVATED,(ログなし)
,WX16-025,幻怪姫　スノークイーン,シグニ,WX16-025-BURST,LIFE_BURST,(ログなし)
,WX16-026,竜将の独眼　ダテマサ,シグニ,WX16-026-E1,AUTO,[深さ上限]
,WX16-026,竜将の独眼　ダテマサ,シグニ,WX16-026-E2,ACTIVATED,(ログなし)
,WX16-026,竜将の独眼　ダテマサ,シグニ,WX16-026-BURST,LIFE_BURST,(ログなし)
,WX16-031,コードオーダー　ウェディング,シグニ,WX16-031-BURST,LIFE_BURST,(ログなし)
,WX16-032,羅菌姫　インフル,シグニ,WX16-032-BURST,LIFE_BURST,(ログなし)
,WX16-037,隠密の十勇　サイゾウ,シグニ,WX16-037-E1,AUTO,[深さ上限]
,WX16-041,大罠　アリババ,シグニ,WX16-041-E1,AUTO,[深さ上限]
,WX16-046,羅菌　アオカビ,シグニ,WX16-046-E2,AUTO,(ログなし)
,WX16-058,戦獣の足柄　スモウグマ,シグニ,WX16-058-E1,AUTO,(ログなし)
,WX16-066,ＢＡＤ　ＳＩＤＥ,スペル,WX16-066-BURST,LIFE_BURST,[深さ上限]
,WX16-067,追英の文章　＃オイツキ＃,シグニ,WX16-067-E2,AUTO,(ログなし)
,WX16-068,根英の平方　＃ルート＃,シグニ,WX16-068-E1,AUTO,[深さ上限]
,WX16-070,仕英の文章　＃シゴト＃,シグニ,WX16-070-E1,AUTO,(ログなし)
,WX16-076,羅菌　ミズカビ,シグニ,WX16-076-E1,AUTO,(ログなし)
,WX16-078,羅菌　ワタカビ,シグニ,WX16-078-E1,AUTO,(ログなし)
,WX16-080,羅菌　クモカビ,シグニ,WX16-080-E1,AUTO,(ログなし)
,WX16-Re07,轟砲　ウルバン,シグニ,WX16-Re07-E1,AUTO,[深さ上限]
,WX16-Re16,コードアート　Ｉ・Ｚ・Ｒ・Ｈ,シグニ,WX16-Re16-E2,AUTO,(ログなし)
,WX16-Re18,レゾナンス・マーチ,アーツ,WX16-Re18-E1,ACTIVATED,[深さ上限]
,WX17-021,大盤振舞,アーツ,WX17-021-E1,ACTIVATED,(ログなし)
,WX17-026,武装の全知　ギルガメジ,シグニ,WX17-026-E3,AUTO,(ログなし)
,WX17-026,武装の全知　ギルガメジ,シグニ,WX17-026-BURST,LIFE_BURST,(ログなし)
,WX17-028,羅星姫　≡ソラフレア≡,シグニ,WX17-028-BURST,LIFE_BURST,(ログなし)
,WX17-032,定英の平方　＃ピタゴラージ＃,シグニ,WX17-032-E1,AUTO,[深さ上限]
,WX17-032,定英の平方　＃ピタゴラージ＃,シグニ,WX17-032-E3,AUTO,(ログなし)
,WX17-033,コードイート　キャビアラ,シグニ,WX17-033-E4,AUTO,[深さ上限]
,WX17-046,割英の半斬　＃ニトウブン＃,シグニ,WX17-046-E1,AUTO,(ログなし)
,WX17-049,羅菌　スポアー,シグニ,WX17-049-E2,ACTIVATED,(ログなし)
,WX17-051,幻怪　ドワフ,シグニ,WX17-051-BURST,LIFE_BURST,(ログなし)
,WX17-071,ＦＡＫＥ　ＤＯＬＬ,スペル,WX17-071-E1,ACTIVATED,[深さ上限]
,WX17-071,ＦＡＫＥ　ＤＯＬＬ,スペル,WX17-071-BURST,LIFE_BURST,(ログなし)
,WX17-071,ＦＡＫＥ　ＤＯＬＬ,スペル,WX17-071-TRAP,TRAP_ICON,(ログなし)
,WX17-072,丸英の集合　＃ベンズ＃,シグニ,WX17-072-E1,AUTO,[深さ上限]
,WX17-078,羅菌　ピロリ,シグニ,WX17-078-E1,ACTIVATED,(ログなし)
,WX17-079,羅菌　サルモネラ,シグニ,WX17-079-E1,ACTIVATED,(ログなし)
,WX17-080,羅菌　ビブリオ,シグニ,WX17-080-E1,ACTIVATED,(ログなし)
,WX17-Re02,幻竜　アパト,シグニ,WX17-Re02-E2,AUTO,(ログなし)
,WX17-Re03,コードアート　Ｂ・Ｂ・Ｑ,シグニ,WX17-Re03-E1,AUTO,(ログなし)
,WX17-Re14,コードアート　†Ａ・Ｌ・Ｃ・Ａ†,シグニ,WX17-Re14-E1,AUTO,(ログなし)
,WX18-020,ミュウ＝フリー,ルリグ,WX18-020-E2,AUTO,(ログなし)
,WX18-020,ミュウ＝フリー,ルリグ,WX18-020-E3,AUTO,(ログなし)
,WX18-030,風魔の頭領　フマコタ,シグニ,WX18-030-BURST,LIFE_BURST,(ログなし)
,WX18-031,羅輝石　キンシャチ,シグニ,WX18-031-BURST,LIFE_BURST,(ログなし)
,WX18-032,羅星姫　≡コスモウス≡　,シグニ,WX18-032-E1,AUTO,[深さ上限]
,WX18-032,羅星姫　≡コスモウス≡　,シグニ,WX18-032-E2,AUTO,(ログなし)
,WX18-035,幻獣神　コウノト,シグニ,WX18-035-E3,AUTO,(ログなし)
,WX18-035,幻獣神　コウノト,シグニ,WX18-035-BURST,LIFE_BURST,(ログなし)
,WX18-036,夢国の招待　ドリーミー,シグニ,WX18-036-E1,AUTO,(ログなし)
,WX18-036,夢国の招待　ドリーミー,シグニ,WX18-036-E3,ACTIVATED,(ログなし)
,WX18-036,夢国の招待　ドリーミー,シグニ,WX18-036-BURST,LIFE_BURST,(ログなし)
,WX18-037,死之遊姫　†クイドール†,シグニ,WX18-037-E2,AUTO,(ログなし)
,WX18-037,死之遊姫　†クイドール†,シグニ,WX18-037-E3,AUTO,(ログなし)
,WX18-037,死之遊姫　†クイドール†,シグニ,WX18-037-BURST,LIFE_BURST,(ログなし)
,WX18-049,幻蟲　§ビワコム§,シグニ,WX18-049-E1,AUTO,(ログなし)
,WX18-052,幻獣　モズ,シグニ,WX18-052-E1,AUTO,[深さ上限]
,WX18-053,幻獣　トキ,シグニ,WX18-053-E1,ACTIVATED,(ログなし)
,WX18-081,惨之遊　†ジョモカル†,シグニ,WX18-081-E2,AUTO,(ログなし)
,WX18-082,惨之遊　†キリジシ†,シグニ,WX18-082-E2,AUTO,(ログなし)
,WX18-084,惨之遊　†オオウチ†,シグニ,WX18-084-E1,AUTO,(ログなし)
,WX18-087,似之遊　†ヤマハリ†,シグニ,WX18-087-E1,AUTO,(ログなし)
,WX18-090,異血之遊　†アワオドール†,シグニ,WX18-090-E1,AUTO,(ログなし)
,WX19-002,カーニバル　―ＭＡＩＳ―,ルリグ,WX19-002-E4,ACTIVATED,(ログなし)
,WX19-003,エルドラ×マークⅤ　ＭＡＳＴＥＲ,ルリグ,WX19-003-E2,AUTO,(ログなし)
,WX19-014,ゲット・アップ,アーツ,WX19-014-E1,ACTIVATED,[深さ上限]
,WX19-017,エクスクラメーション,アーツ,WX19-017-E1,ACTIVATED,(ログなし)
,WX19-021,極盾　アイアース,シグニ,WX19-021-E2,AUTO,[深さ上限]
,WX19-022,コードラビリンス　ノイヴァン,シグニ,WX19-022-E1,AUTO,[深さ上限]
,WX19-026,幻水姫　カラードカープ,シグニ,WX19-026-E1,AUTO,[深さ上限]
,WX19-027,癒英の治療　＃ナイチール＃,シグニ,WX19-027-E1,AUTO,(ログなし)
,WX19-027,癒英の治療　＃ナイチール＃,シグニ,WX19-027-BURST,LIFE_BURST,(ログなし)
,WX19-028,幻獣神　クジャク,シグニ,WX19-028-E3,AUTO,(ログなし)
,WX19-029,死之遊姫　†超体感†,シグニ,WX19-029-E2,ACTIVATED,(ログなし)
,WX19-029,死之遊姫　†超体感†,シグニ,WX19-029-BURST,LIFE_BURST,(ログなし)
,WX19-031,大盾　アキレウス,シグニ,WX19-031-E1,AUTO,[深さ上限]
,WX19-035,小砲　キライザ,シグニ,WX19-035-E1,AUTO,(ログなし)
,WX19-041,時英の距離　＃デアイ＃,シグニ,WX19-041-E1,ACTIVATED,(ログなし)
,WX19-041,時英の距離　＃デアイ＃,シグニ,WX19-041-E2,ACTIVATED,(ログなし)
,WX19-056,爆砲　十四年式,シグニ,WX19-056-E1,AUTO,(ログなし)
,WX19-057,小砲　スパス,シグニ,WX19-057-E1,AUTO,(ログなし)
,WX19-060,幻水　ドジョウ,シグニ,WX19-060-E1,ACTIVATED,[深さ上限]
,WX19-064,ＰＵＬＬＩＮＧ,スペル,WX19-064-BURST,LIFE_BURST,(ログなし)
,WX19-066,答英の採点　＃アカペン＃,シグニ,WX19-066-E1,AUTO,[深さ上限]
,WX19-Re17,ミュウ=イマゴ,ルリグ,WX19-Re17-E2,ACTIVATED,(ログなし)
,WX19-Re19,幻蟲　キアハ,シグニ,WX19-Re19-E1,AUTO,(ログなし)
,WX20-001,未来の記憶　リル,ルリグ,WX20-001-E2,AUTO,(ログなし)
,WX20-002,メル＝スピリタス,ルリグ,WX20-002-E1,AUTO,(ログなし)
,WX20-002,メル＝スピリタス,ルリグ,WX20-002-E3,ACTIVATED,(ログなし)
,WX20-005,レース・トルネード,アーツ,WX20-005-E1,ACTIVATED,[深さ上限]
,WX20-022,極盾　アークイギス,シグニ,WX20-022-BURST,LIFE_BURST,(ログなし)
,WX20-026,大幻蟲　§アノマリス§,シグニ,WX20-026-E3,AUTO,(ログなし)
,WX20-028,コードデリシャス　ビューフェ,シグニ,WX20-028-E2,AUTO,(ログなし)
,WX20-042-CB,羅原　アルミ,シグニ,WX20-042-CB-E1,AUTO,(ログなし)
,WX20-043,幻水　ヒナニギス,シグニ,WX20-043-E2,AUTO,[深さ上限]
,WX20-046,幻獣　ゾウガメ,シグニ,WX20-046-E3,AUTO,[深さ上限]
,WX20-047-CB,八百万の源泉　スクナヒコ,シグニ,WX20-047-CB-E1,AUTO,(ログなし)
,WX20-049,似之遊　†オキクドール†,シグニ,WX20-049-E2,AUTO,[深さ上限]
,WX20-050,大拳　ニャックル,シグニ,WX20-050-E1,AUTO,[深さ上限]
,WX20-051,中盾　スクトゥム,シグニ,WX20-051-E1,AUTO,[深さ上限]
,WX20-059,羅石　ニジメノウ,シグニ,WX20-059-E1,AUTO,(ログなし)
,WX20-068,未英の観測　＃ウィグナー＃,シグニ,WX20-068-E1,AUTO,(ログなし)
,WX20-079,コードアンチ　ソトホート,シグニ,WX20-079-E1,ACTIVATED,[深さ上限]
,WX20-079,コードアンチ　ソトホート,シグニ,WX20-079-E2,ACTIVATED,(ログなし)
,WX20-Re14,コードアンチ　アシレン,シグニ,WX20-Re14-E1,AUTO,[深さ上限]
,WX21-004,ママ♥５,ルリグ,WX21-004-E2,AUTO,(ログなし)
,WX21-005,ナナシ　其ノ後,ルリグ,WX21-005-E2,AUTO,(ログなし)
,WX21-005,ナナシ　其ノ後,ルリグ,WX21-005-E4,ACTIVATED,(ログなし)
,WX21-012,青幻水　ケートス,レゾナ,WX21-012-E1,AUTO,[深さ上限]
,WX21-014,千差万別,アーツ,WX21-014-E1,ACTIVATED,[深さ上限]
,WX21-015,緑幻獣　トナカイ,レゾナ,WX21-015-E3,AUTO,(ログなし)
,WX21-024,荒ぶる海洋　§ポセイドナ§,シグニ,WX21-024-E1,AUTO,(ログなし)
,WX21-027,禁断の知恵　ビネンバウム,シグニ,WX21-027-E1,AUTO,(ログなし)
,WX21-028,美しき豊穣　#フレイン#,シグニ,WX21-028-E1,AUTO,[深さ上限]
,WX21-028,美しき豊穣　#フレイン#,シグニ,WX21-028-E2,ACTIVATED,[深さ上限]
,WX21-029,閃英の発明　＃エディソン＃,シグニ,WX21-029-E2,AUTO,[深さ上限]
,WX21-030,羅菌染姫　ペズト,シグニ,WX21-030-BURST,LIFE_BURST,(ログなし)
,WX21-031-CB,究極　ニパ子,シグニ,WX21-031-CB-E1,ACTIVATED,[深さ上限]
,WX21-032,禁忌の焔　≡プロメウス≡,シグニ,WX21-032-E1,AUTO,(ログなし)
,WX21-042,幻竜　＃アマルガ＃,シグニ,WX21-042-E1,AUTO,(ログなし)
,WX21-044,惨之遊　†シャテキ†,シグニ,WX21-044-E3,AUTO,(ログなし)
,WX21-044,惨之遊　†シャテキ†,シグニ,WX21-044-BURST,LIFE_BURST,(ログなし)
,WX21-051,神技の鞭刑　≡アナフィエル≡,シグニ,WX21-051-E1,AUTO,(ログなし)
,WX21-051,神技の鞭刑　≡アナフィエル≡,シグニ,WX21-051-BURST,LIFE_BURST,(ログなし)
,WX21-053,幻竜　ノトト,シグニ,WX21-053-E1,AUTO,(ログなし)
,WX21-054,幻竜　ディノス,シグニ,WX21-054-E2,AUTO,(ログなし)
,WX21-063,幻獣　エゾシカ,シグニ,WX21-063-E1,AUTO,(ログなし)
,WX21-063,幻獣　エゾシカ,シグニ,WX21-063-BURST,LIFE_BURST,(ログなし)
,WX21-Re06,コードアンチ　カイヅカ,シグニ,WX21-Re06-E1,AUTO,(ログなし)
,WX21-Re09,忘得ぬ幻葬　†ヴァルキリー†,シグニ,WX21-Re09-E1,AUTO,(ログなし)
,WX22-001,悲願の駄姫　グズ子,ルリグ,WX22-001-E1,AUTO,(ログなし)
,WX22-001,悲願の駄姫　グズ子,ルリグ,WX22-001-E3,ACTIVATED,(ログなし)
,WX22-010,アイヤイ★ロイヤルフラッシュ,ルリグ,WX22-010-E1,AUTO,(ログなし)
,WX22-010,アイヤイ★ロイヤルフラッシュ,ルリグ,WX22-010-E3,ACTIVATED,[深さ上限]
,WX22-013,真幸の冥者　ハナレ,ルリグ,WX22-013-E3,AUTO,(ログなし)
,WX22-013,真幸の冥者　ハナレ,ルリグ,WX22-013-E4,ACTIVATED,[深さ上限]
,WX22-016,グレイブ・ディガー,アーツ,WX22-016-E1,ACTIVATED,(ログなし)
,WX22-019,遠矢の名手　≡アポロシン≡,シグニ,WX22-019-E4,AUTO,(ログなし)
,WX22-023,フンフ＝ヨルムガン,シグニ,WX22-023-E3,ACTIVATED,(ログなし)
,WX22-023,フンフ＝ヨルムガン,シグニ,WX22-023-BURST,LIFE_BURST,(ログなし)
,WX22-024,期之遊姫王　†ブラジャック†,シグニ,WX22-024-E3,AUTO,(ログなし)
,WX22-031,彷徨変異の中悪　シユラギ,シグニ,WX22-031-E1,AUTO,(ログなし)
,WX22-034,月光の狩猟　アルテミス,シグニ,WX22-034-E1,AUTO,(ログなし)
,WX22-036,幻竜　ピュートン,シグニ,WX22-036-E1,AUTO,(ログなし)
,WX22-039,羅原　Ｎｈ,シグニ,WX22-039-E2,ACTIVATED,(ログなし)
,WX22-046,水仙の柘榴　†ペルセポネ†,シグニ,WX22-046-E1,ACTIVATED,(ログなし)
,WX22-Re07,コードアンチ　ニャルクト,シグニ,WX22-Re07-BURST,LIFE_BURST,(ログなし)
,WD12-007,緑肆ノ遊　カラシャ,レゾナ,WD12-007-E1,AUTO,(ログなし)
,WD12-007,緑肆ノ遊　カラシャ,レゾナ,WD12-007-E2,AUTO,(ログなし)
,WX22-Re20,月欠けの戦場,アーツ,WX22-Re20-E1,ACTIVATED,[深さ上限]
,WXEX1-06,炎・花代・肆,ルリグ,WXEX1-06-E2,ACTIVATED,[深さ上限]
,WXEX1-13,うるとらあーや！Ⅳ,ルリグ,WXEX1-13-E1,AUTO,[深さ上限]
,WXEX1-14,四型開　緑姫,ルリグ,WXEX1-14-E1,AUTO,[深さ上限]
,WXEX1-14,四型開　緑姫,ルリグ,WXEX1-14-E2,ACTIVATED,[深さ上限]
,WXEX1-18,ママ♥４　MODE４,ルリグ,WXEX1-18-E1,AUTO,(ログなし)
,WXEX1-19,奈落の閻魔　ウリス,ルリグ,WXEX1-19-E1,AUTO,(ログなし)
,WXEX1-23,静観の冥者　ハナレ,ルリグ,WXEX1-23-E1,AUTO,(ログなし)
,WXEX1-24,ナナシ　其ノ四ノ獄,ルリグ,WXEX1-24-E2,ACTIVATED,(ログなし)
,WXEX1-25,悲壮の駄姫　グズ子,ルリグ,WXEX1-25-E1,AUTO,(ログなし)
,WXEX1-27,緑伍ノ遊　フラコスタ,レゾナ,WXEX1-27-E1,ACTIVATED,[深さ上限]
,WXEX1-29,幻視の大天使　ラミエル,シグニ,WXEX1-29-E3,AUTO,(ログなし)
,WXEX1-30,羅星姫　レオニズ,シグニ,WXEX1-30-BURST,LIFE_BURST,(ログなし)
,WXEX1-33,羅輝石　ロードナイト,シグニ,WXEX1-33-BURST,LIFE_BURST,(ログなし)
,WXEX1-35,神聖なる美将　ジャンヌ,シグニ,WXEX1-35-E2,AUTO,[深さ上限]
,WXEX1-37,コードアクセル　アパッチ,シグニ,WXEX1-37-BURST,LIFE_BURST,(ログなし)
,WXEX1-38,コードハート　Ａ・Ｃ・Ｒ,シグニ,WXEX1-38-E1,AUTO,[深さ上限]
,WXEX1-38,コードハート　Ａ・Ｃ・Ｒ,シグニ,WXEX1-38-BURST,LIFE_BURST,(ログなし)
,WXEX1-39,幻水姫　ハンマーヘッド,シグニ,WXEX1-39-E2,ACTIVATED,[深さ上限]
,WXEX1-39,幻水姫　ハンマーヘッド,シグニ,WXEX1-39-BURST,LIFE_BURST,[深さ上限]
,WXEX1-42,羅植姫　ドラゴンツリー,シグニ,WXEX1-42-E1,AUTO,(ログなし)
,WXEX1-43,壁面の芸当　グラフィ,シグニ,WXEX1-43-E1,AUTO,(ログなし)
,WXEX1-44,コードオーダー　とんラー,シグニ,WXEX1-44-E1,AUTO,[深さ上限]
,WXEX1-44,コードオーダー　とんラー,シグニ,WXEX1-44-BURST,LIFE_BURST,(ログなし)
,WXEX1-46,深淵との契約　ジルドレイ,シグニ,WXEX1-46-E2,AUTO,(ログなし)
,WXEX1-47,コードアンチ　ナイトゴン,シグニ,WXEX1-47-E2,AUTO,[深さ上限]
,WXEX1-47,コードアンチ　ナイトゴン,シグニ,WXEX1-47-BURST,LIFE_BURST,(ログなし)
,WXEX1-48,コードアンチ　マカナ,シグニ,WXEX1-48-E1,AUTO,(ログなし)
,WXEX1-48,コードアンチ　マカナ,シグニ,WXEX1-48-E2,AUTO,(ログなし)
,WXEX1-49,魔鳩の飼育　ゴージアウト,シグニ,WXEX1-49-E1,AUTO,(ログなし)
,WXEX1-52,死之遊姫　アタリナシ,シグニ,WXEX1-52-E1,AUTO,(ログなし)
,WXEX1-60,轟炎　フレイスロ准尉,シグニ,WXEX1-60-E1,AUTO,[深さ上限]
,WXEX1-61,勝利の国王　シャルル,シグニ,WXEX1-61-E1,AUTO,(ログなし)
,WXEX1-65,幻水　Ｄｒ．フィッシュ,シグニ,WXEX1-65-E1,AUTO,[深さ上限]
,WXEX1-68,幻獣　コザクラ,シグニ,WXEX1-68-E1,AUTO,[深さ上限]
,WXEX1-68,幻獣　コザクラ,シグニ,WXEX1-68-E2,AUTO,(ログなし)
,WXEX1-72,肆ノ遊　カーケシ,シグニ,WXEX1-72-E1,AUTO,[深さ上限]
,WXEX1-74,コードアンチ　レザディ,シグニ,WXEX1-74-E1,AUTO,[深さ上限]
,WXEX1-78,羅菌　コレラ,シグニ,WXEX1-78-E2,ACTIVATED,(ログなし)
,WXEX1-79,異血之遊　シノビセット,シグニ,WXEX1-79-E1,AUTO,(ログなし)
,PR-427,羅星　リンゼ,シグニ,PR-427-E3,AUTO,(ログなし)
,WXEX2-01,祝輪の巫女　タマヨリヒメ,ルリグ,WXEX2-01-E1,AUTO,[深さ上限]
,WXEX2-03,神性なる極門　ウトゥルス,ルリグ,WXEX2-03-E2,ACTIVATED,(ログなし)
,WXEX2-04,清心の巫女　ユキ,ルリグ,WXEX2-04-E2,ACTIVATED,[深さ上限]
,WXEX2-06,ドーナ　ＦＯＵＲＴＨ＋＋＋,ルリグ,WXEX2-06-E2,AUTO,(ログなし)
,WXEX2-09,誓約の記憶　リル,ルリグ,WXEX2-09-E2,ACTIVATED,(ログなし)
,WXEX2-11,レイラ＝オーバードライブ,ルリグ,WXEX2-11-E3,AUTO,(ログなし)
,WXEX2-14,ミルルン・アラヤ,ルリグ,WXEX2-14-E1,AUTO,(ログなし)
,WXEX2-15,まじかるあーや！ＩＶ,ルリグ,WXEX2-15-E1,AUTO,[深さ上限]
,WXEX2-16,五型開　緑姫,ルリグ,WXEX2-16-E1,AUTO,[深さ上限]
,WXEX2-16,五型開　緑姫,ルリグ,WXEX2-16-E3,ACTIVATED,(ログなし)
,WXEX2-18,アイヤイ★フォーカード,ルリグ,WXEX2-18-E1,AUTO,[深さ上限]
,WXEX2-18,アイヤイ★フォーカード,ルリグ,WXEX2-18-E2,ACTIVATED,[深さ上限]
,WXEX2-19,メル＝ミントビア,ルリグ,WXEX2-19-E1,AUTO,(ログなし)
,WXEX2-22,誘蘭の鍵主　ウムル＝フェム,ルリグ,WXEX2-22-E2,AUTO,(ログなし)
,WXEX2-23,天界の花嫁　アルフォウ,ルリグ,WXEX2-23-E2,AUTO,(ログなし)
,WXEX2-24,ミュウ＝フラッター,ルリグ,WXEX2-24-E1,AUTO,(ログなし)
,WXEX2-25,救解の冥者　ハナレ,ルリグ,WXEX2-25-E2,ACTIVATED,(ログなし)
,WXEX2-27,悲劇の駄姫　グズ子,ルリグ,WXEX2-27-E1,AUTO,(ログなし)
,WXEX2-28,極槍　グングニレ,シグニ,WXEX2-28-BURST,LIFE_BURST,(ログなし)
,WXEX2-29,羅星姫　ペルセデス,シグニ,WXEX2-29-BURST,LIFE_BURST,(ログなし)
,WXEX2-32,羅星姫　モノセロス,シグニ,WXEX2-32-BURST,LIFE_BURST,(ログなし)
,WXEX2-34,羅輝石　フォスフィラ,シグニ,WXEX2-34-E3,ACTIVATED,(ログなし)
,WXEX2-35,幻竜姫　ギガノド,シグニ,WXEX2-35-E1,AUTO,(ログなし)
,WXEX2-36,太陽の射手　カルルナ,シグニ,WXEX2-36-E3,ACTIVATED,(ログなし)
,WXEX2-37,羅星姫　ビッグ・ヴァン,シグニ,WXEX2-37-BURST,LIFE_BURST,(ログなし)
,WXEX2-39,大幻蟲　フナシム,シグニ,WXEX2-39-E3,AUTO,(ログなし)
,WXEX2-40,幻水姫　グピピ,シグニ,WXEX2-40-BURST,LIFE_BURST,(ログなし)
,WXEX2-41,羅原理姫　Ｗ,シグニ,WXEX2-41-E1,AUTO,(ログなし)
,WXEX2-42,超罠　トリクアー,シグニ,WXEX2-42-E2,AUTO,[深さ上限]
,WXEX2-42,超罠　トリクアー,シグニ,WXEX2-42-BURST,LIFE_BURST,[深さ上限]
,WXEX2-42,超罠　トリクアー,シグニ,WXEX2-42-TRAP,TRAP_ICON,[深さ上限]
,WXEX2-43,幻獣神　ハルピュイ,シグニ,WXEX2-43-BURST,LIFE_BURST,(ログなし)
,WXEX2-45,肆ノ遊姫　リアダシツ,シグニ,WXEX2-45-E1,AUTO,(ログなし)
,WXEX2-45,肆ノ遊姫　リアダシツ,シグニ,WXEX2-45-BURST,LIFE_BURST,[深さ上限]
,WXEX2-46,コードオーダー　ＰＰＡパイ,シグニ,WXEX2-46-BURST,LIFE_BURST,(ログなし)
,WXEX2-48,色欲の魔人　アスモデ,シグニ,WXEX2-48-E3,ACTIVATED,(ログなし)
,WXEX2-49,コードアンチ　ノーデンズ,シグニ,WXEX2-49-BURST,LIFE_BURST,(ログなし)
,WXEX2-50,大幻蟲　エンマコロギ,シグニ,WXEX2-50-E3,ACTIVATED,(ログなし)
,WXEX2-50,大幻蟲　エンマコロギ,シグニ,WXEX2-50-BURST,LIFE_BURST,(ログなし)
,WXEX2-51,彷徨変異の超悪　ソユラギ,シグニ,WXEX2-51-E1,AUTO,(ログなし)
,WXEX2-51,彷徨変異の超悪　ソユラギ,シグニ,WXEX2-51-BURST,LIFE_BURST,(ログなし)
,WXEX2-52,フィア＝キョゲン,シグニ,WXEX2-52-E3,ACTIVATED,(ログなし)
,WXEX2-53,羅菌姫　アクダマ,シグニ,WXEX2-53-E2,ACTIVATED,(ログなし)
,WXEX2-53,羅菌姫　アクダマ,シグニ,WXEX2-53-E3,ACTIVATED,(ログなし)
,WXEX2-53,羅菌姫　アクダマ,シグニ,WXEX2-53-BURST,LIFE_BURST,(ログなし)
,WXEX2-54,死之遊姫　キングゲーム,シグニ,WXEX2-54-BURST,LIFE_BURST,(ログなし)
,WXEX2-60,弩炎　フレイスロ通信兵,シグニ,WXEX2-60-E2,AUTO,[深さ上限]
,WXEX2-60,弩炎　フレイスロ通信兵,シグニ,WXEX2-60-BURST,LIFE_BURST,(ログなし)
,WXEX2-64,幻水　サンマ,シグニ,WXEX2-64-E2,ACTIVATED,[深さ上限]
,WXEX2-70,参ノ遊　ピンボール,シグニ,WXEX2-70-E1,AUTO,[深さ上限]
,WXEX2-71,並英の規則　ホウジンザン,シグニ,WXEX2-71-E2,AUTO,(ログなし)
,WXEX2-71,並英の規則　ホウジンザン,シグニ,WXEX2-71-E3,ACTIVATED,(ログなし)
,WXEX2-72,コードアート　T・S・C,シグニ,WXEX2-72-BURST,LIFE_BURST,(ログなし)
,WXEX2-73,盗賊の誘惑　ウァレフォル,シグニ,WXEX2-73-E1,AUTO,(ログなし)
,WXEX2-73,盗賊の誘惑　ウァレフォル,シグニ,WXEX2-73-E2,ACTIVATED,(ログなし)
,WXEX2-74,コードアンチ　ブラウン,シグニ,WXEX2-74-E2,AUTO,[深さ上限]
,WXEX2-75,フィア＝サンソ,シグニ,WXEX2-75-E2,AUTO,(ログなし)
,WXEX2-75,フィア＝サンソ,シグニ,WXEX2-75-BURST,LIFE_BURST,(ログなし)
,WXEX2-77,白鳩飼い　サンドリヨン,シグニ,WXEX2-77-E3,AUTO,(ログなし)
,WXEX2-78,ツヴァイ＝フミン,シグニ,WXEX2-78-E1,AUTO,(ログなし)
,WXEX2-81,包容の巨人　ギガス,シグニ,WXEX2-81-E2,AUTO,(ログなし)
,WXEX2-81,包容の巨人　ギガス,シグニ,WXEX2-81-E3,AUTO,(ログなし)
,WXK01-003,四型金娘　翠子,ルリグ,WXK01-003-E2,AUTO,(ログなし)
,WXK01-004,応援の駄姫　グズ子,ルリグ,WXK01-004-E2,ACTIVATED,[深さ上限]
,WXK01-005,インサイダー・サルベージ,アーツ,WXK01-005-E1,ACTIVATED,[深さ上限]
,WXK01-021,ミルルン・アド,キー,WXK01-021-E3,AUTO,(ログなし)
,WXK01-032,トルネード・サルベージ,アーツ,WXK01-032-E1,ACTIVATED,(ログなし)
,WXK01-035,セーブ/メイデン　イオナ,キー,WXK01-035-E3,AUTO,(ログなし)
,WXK01-042,幻怪姫　イバラヒメ,シグニ,WXK01-042-E1,AUTO,[深さ上限]
,WXK01-046,コードライド　ゼロセン,シグニ,WXK01-046-BURST,LIFE_BURST,(ログなし)
,WXK01-055,魔海の船員　ティーチ,シグニ,WXK01-055-E1,AUTO,(ログなし)
,WXK01-060,幻怪　アルラウネ,シグニ,WXK01-060-E1,AUTO,(ログなし)
,WXK01-066,中罠　ツナワタ,シグニ,WXK01-066-E1,AUTO,[深さ上限]
,WXK01-102,超罠　ミミック,シグニ,WXK01-102-E1,AUTO,[深さ上限]
,WXK01-104,大罠　イシゴエ,シグニ,WXK01-104-E1,AUTO,(ログなし)
,WXK01-109,小罠　ネズミコ,シグニ,WXK01-109-E1,AUTO,[深さ上限]
,WXK01-110,バッド・スイッチ,スペル,WXK01-110-E1,ACTIVATED,(ログなし)
,WXK01-119,サーバント　Ｑ４,シグニ,WXK01-119-BURST,LIFE_BURST,(ログなし)
,WXK01-120,サーバント　Ｔ４,シグニ,WXK01-120-BURST,LIFE_BURST,(ログなし)
,WXK01-121,サーバント　Ｄ４,シグニ,WXK01-121-BURST,LIFE_BURST,(ログなし)
,WXK01-122,サーバント　Ｏ４,シグニ,WXK01-122-BURST,LIFE_BURST,(ログなし)
,WXK02-002,真情の記憶　リル,ルリグ,WXK02-002-E1,AUTO,(ログなし)
,WXK02-004,カーニバル　†Q†,ルリグ,WXK02-004-E3,ACTIVATED,(ログなし)
,WXK02-023,アイヤイ★ディール,キー,WXK02-023-E2,ACTIVATED,[深さ上限]
,WXK02-037,円卓の予言　マーリン,シグニ,WXK02-037-E2,ACTIVATED,(ログなし)
,WXK02-039,メイル・ストリーム,スペル,WXK02-039-BURST,LIFE_BURST,(ログなし)
,WXK02-040,讃の遊　タケウマ,シグニ,WXK02-040-BURST,LIFE_BURST,(ログなし)
,WXK02-042,仁の遊　　ヨミフダ,シグニ,WXK02-042-E1,AUTO,(ログなし)
,WXK02-046,大装　サンガンソウ,シグニ,WXK02-046-BURST,LIFE_BURST,(ログなし)
,WXK02-048,中装　シシオウ,シグニ,WXK02-048-E1,ACTIVATED,(ログなし)
,WXK02-049,小装　ジッテ,シグニ,WXK02-049-E1,AUTO,(ログなし)
,WXK02-050,小装　イチヒト,シグニ,WXK02-050-E1,AUTO,[深さ上限]
,WXK02-061,円卓の妖魔　モルガン,シグニ,WXK02-061-E1,AUTO,(ログなし)
,WXK02-084,験英の器具　フラスコ,シグニ,WXK02-084-E1,AUTO,(ログなし)
,WXK03-006,添遂の閻魔　ウリス,キー,WXK03-006-E4,ACTIVATED,(ログなし)
,WXK03-014,エルドラ×ラッキー,キー,WXK03-014-E3,ACTIVATED,(ログなし)
,WXK03-021,極装　EXカリバン,シグニ,WXK03-021-BURST,LIFE_BURST,(ログなし)
,WXK03-022,コードアクセル　バケット・WE,シグニ,WXK03-022-BURST,LIFE_BURST,(ログなし)
,WXK03-029,サーバント　F,シグニ,WXK03-029-BURST,LIFE_BURST,(ログなし)
,WXK03-031,仁の遊　スプリング,シグニ,WXK03-031-E1,AUTO,[深さ上限]
,WXK03-045,魏軍の鬼嫁　シュンカ,シグニ,WXK03-045-E2,AUTO,(ログなし)
,WXK03-054-CB,大装　豊崎恵那,シグニ,WXK03-054-CB-E1,AUTO,(ログなし)
,WXK03-069,鏡英の拡大　ルーペ,シグニ,WXK03-069-E1,AUTO,[深さ上限]
,WXK03-075,疾風の上忍　モモチ,シグニ,WXK03-075-E1,ACTIVATED,(ログなし)
,WXK04-004,爪牙　遊月・肆戒,ルリグ,WXK04-004-E3,ACTIVATED,[深さ上限]
,WXK04-006,差し伸べし使　リワト,キー,WXK04-006-E4,ACTIVATED,[深さ上限]
,WXK04-025-CB,Ｅ・Ｇ　ＵＮＩＯＮ　イザベラ,キー,WXK04-025-CB-E2,ACTIVATED,[深さ上限]
,WXK04-031,コードオーダー　メレドール,シグニ,WXK04-031-BURST,LIFE_BURST,(ログなし)
,WXK04-032,コードオーダー　アイスパフィ,シグニ,WXK04-032-E2,AUTO,[深さ上限]
,WXK04-035,幻水姫　モササ,シグニ,WXK04-035-E1,AUTO,(ログなし)
,WXK04-036,羅植　アキザクラ,シグニ,WXK04-036-BURST,LIFE_BURST,(ログなし)
,WXK04-042,紅蓮の使い魔　オトタチバナ,シグニ,WXK04-042-BURST,LIFE_BURST,(ログなし)
,WXK04-047,血晶の収集,スペル,WXK04-047-E1,ACTIVATED,(ログなし)
,WXK04-076,コードイート　アイスオレン,シグニ,WXK04-076-E1,ACTIVATED,[深さ上限]
,WXK04-078,コードイート　コーラフロート,シグニ,WXK04-078-E1,AUTO,(ログなし)
,WXK05-009,純真の使者　サシェ,キー,WXK05-009-E1,AUTO,(ログなし)
,WXK05-020,憂慮の花嫁　アルフォウ,キー,WXK05-020-E1,ACTIVATED,(ログなし)
,WXK05-020,憂慮の花嫁　アルフォウ,キー,WXK05-020-E2,ACTIVATED,(ログなし)
,WXK05-021,羅植姫　デンドロ,シグニ,WXK05-021-E2,ACTIVATED,[深さ上限]
,WXK05-022,コードアクセル　パンツァーガール,シグニ,WXK05-022-BURST,LIFE_BURST,(ログなし)
,WXK05-025,貨英の変動　エフエックス,シグニ,WXK05-025-E2,ACTIVATED,(ログなし)
,WXK05-027,幻水姫　オワンクラゲ,シグニ,WXK05-027-BURST,LIFE_BURST,(ログなし)
,WXK05-031,讃の遊　ブリキロボ,シグニ,WXK05-031-E2,ACTIVATED,[深さ上限]
,WXK05-032,羅植　サイサ,シグニ,WXK05-032-BURST,LIFE_BURST,(ログなし)
,WXK05-037,紅蓮の使い魔　アリス,シグニ,WXK05-037-E2,AUTO,(ログなし)
,WXK05-042,幻怪　ケサキリ,シグニ,WXK05-042-E3,AUTO,(ログなし)
,WXK05-046,幕末の人斬り　イゾウ,シグニ,WXK05-046-E1,AUTO,(ログなし)
,WXK05-048,フィフス・テンプト,スペル,WXK05-048-E1,ACTIVATED,(ログなし)
,WXK05-051,羅植　コデマリ,シグニ,WXK05-051-E1,AUTO,[深さ上限]
,WXK05-057,紅蓮の使い魔　アニムス,シグニ,WXK05-057-E2,ACTIVATED,[深さ上限]
,WXK05-070,幻水　コノハケロ,シグニ,WXK05-070-E1,AUTO,[深さ上限]
,WXK06-004,Ｋアルテマ／メイデン　イオナ,キー,WXK06-004-E2,ACTIVATED,(ログなし)
,WXK06-016,カウンター・アクセント,アーツ,WXK06-016-E1,ACTIVATED,[深さ上限]
,WXK06-024,ＧＦ　最初の朝,シグニ,WXK06-024-E2,AUTO,(ログなし)
,WXK06-024,ＧＦ　最初の朝,シグニ,WXK06-024-BURST,LIFE_BURST,(ログなし)
,WXK06-027,コードラビリンス　ヨグ＝ソトース,シグニ,WXK06-027-BURST,LIFE_BURST,(ログなし)
,WXK06-030,幻竜姫　シファル,シグニ,WXK06-030-BURST,LIFE_BURST,(ログなし)
,WXK06-033,ＧＦ　発信器壊し機,シグニ,WXK06-033-E1,AUTO,[深さ上限]
,WXK06-035,ＧＦ　ペットロケット,シグニ,WXK06-035-E1,AUTO,[深さ上限]
,WXK06-040,コードメイズ　トロニス,シグニ,WXK06-040-E1,AUTO,[深さ上限]
,WXK06-041,コードメイズ　バイア,シグニ,WXK06-041-E1,AUTO,[深さ上限]
,WXK06-041,コードメイズ　バイア,シグニ,WXK06-041-E2,AUTO,[深さ上限]
,WXK06-047,ＩＮ　ＴＥＭＰＯ,スペル,WXK06-047-E1,ACTIVATED,[深さ上限]
,WXK06-060,ＧＦ　カンテラ,シグニ,WXK06-060-BURST,LIFE_BURST,(ログなし)
,WXK06-063,ＧＦ　シーツロープ,シグニ,WXK06-063-E1,AUTO,(ログなし)
,WXK06-066,ＧＦ　レイノミガワリ,シグニ,WXK06-066-E1,AUTO,(ログなし)
,WXK06-067,コードメイズ　アトリット,シグニ,WXK06-067-E1,ACTIVATED,[深さ上限]
,WXK06-082,幻竜　ドラマジ,シグニ,WXK06-082-E1,AUTO,(ログなし)
,WXK06-088,幻竜　ボラゴ,シグニ,WXK06-088-E1,AUTO,(ログなし)
,WXK07-003,カオス・アウトブレイク,アーツ,WXK07-003-E1,ACTIVATED,[深さ上限]
,WXK07-012,波乱爆丈,アーツ,WXK07-012-E1,ACTIVATED,(ログなし)
,WXK07-013,ララ・ルー”ウイリー”,キー,WXK07-013-E2,ACTIVATED,(ログなし)
,WXK07-025,羅原姫　Mdia,シグニ,WXK07-025-E1,AUTO,(ログなし)
,WXK07-026,羅原姫　On,シグニ,WXK07-026-BURST,LIFE_BURST,(ログなし)
,WXK07-028,羅菌姫　ウェディ,シグニ,WXK07-028-BURST,LIFE_BURST,(ログなし)
,WXK07-029,羅菌姫　プロテイン,シグニ,WXK07-029-E1,AUTO,(ログなし)
,WXK07-031,羅星姫　アラクネ,シグニ,WXK07-031-BURST,LIFE_BURST,(ログなし)
,WXK07-032,羅星姫　ブラックホール,シグニ,WXK07-032-E1,AUTO,(ログなし)
,WXK07-033,羅星姫　オルネ,シグニ,WXK07-033-E2,AUTO,(ログなし)
,WXK07-034,ネビュラ・コネクト,スペル,WXK07-034-E1,ACTIVATED,[深さ上限]
,WXK07-034,ネビュラ・コネクト,スペル,WXK07-034-BURST,LIFE_BURST,(ログなし)
,WXK07-053,羅星　メガビュウ,シグニ,WXK07-053-E2,AUTO,(ログなし)
,WXK07-059,羅原　Slb,シグニ,WXK07-059-E1,ACTIVATED,(ログなし)
,WXK07-067,羅原　Otg,シグニ,WXK07-067-E1,AUTO,(ログなし)
,WXK07-081,羅星　キャッツアイネ,シグニ,WXK07-081-E2,ACTIVATED,(ログなし)
,WXK07-082,羅星　ベイル,シグニ,WXK07-082-E1,AUTO,[深さ上限]
,WXK07-105,快刀乱炎,アーツ,WXK07-105-E1,ACTIVATED,(ログなし)
,WD08-001,混沌の鍵主　ウムル＝フィーラ,ルリグ,WD08-001-E3,ACTIVATED,(ログなし)
,WD08-007,アンシエント・ディガー,アーツ,WD08-007-E1,ACTIVATED,(ログなし)
,WD09-008,白羅星　ビーナス,レゾナ,WD09-008-E1,AUTO,(ログなし)
,WXK08-004,永遠の鍵　タマヨリヒメ,キー,WXK08-004-E4,ACTIVATED,(ログなし)
,WXK08-005,ぶりっつあーや！,キー,WXK08-005-E5,AUTO,[深さ上限]
,WXK08-025,コードＶＬ　鈴鹿詩子,シグニ,WXK08-025-E3,AUTO,[深さ上限]
,WXK08-026,炎魔の豊穣　シュブ＝ニグラ,シグニ,WXK08-026-BURST,LIFE_BURST,(ログなし)
,WXK08-029,炎翼の翔破,スペル,WXK08-029-BURST,LIFE_BURST,(ログなし)
,WXK08-031,弩書　ザ・ロウ,シグニ,WXK08-031-E2,ACTIVATED,(ログなし)
,WXK08-031,弩書　ザ・ロウ,シグニ,WXK08-031-BURST,LIFE_BURST,(ログなし)
,WXK08-041,炎魔の禁忌　プロメテ,シグニ,WXK08-041-E1,AUTO,(ログなし)
,WXK08-041,炎魔の禁忌　プロメテ,シグニ,WXK08-041-BURST,LIFE_BURST,(ログなし)
,WXK08-042,炎魔の蛇梟　アモン,シグニ,WXK08-042-E1,AUTO,(ログなし)
,WXK08-044,炎魔の御者　ヘーリオス,シグニ,WXK08-044-E1,AUTO,(ログなし)
,WXK08-046,炎魔の走牛　アグニ,シグニ,WXK08-046-E1,ACTIVATED,(ログなし)
,WXK08-050,轟書　オウイ,シグニ,WXK08-050-E1,ACTIVATED,(ログなし)
,WXK08-056,コードＶＬ　飛鳥ひな,シグニ,WXK08-056-E2,ACTIVATED,[深さ上限]
,WXK08-059,コードＶＬ　轟京子,シグニ,WXK08-059-E1,AUTO,(ログなし)
,WXK08-071,炎魔の愚火　イグニス,シグニ,WXK08-071-E1,AUTO,(ログなし)
,WXK08-077,炎魔の嫉妬　ヘレ,シグニ,WXK08-077-E1,AUTO,(ログなし)
,WXK08-079,弩書　ダイヨン,シグニ,WXK08-079-E1,AUTO,(ログなし)
,WXK08-082,轟書　ゲンダ,シグニ,WXK08-082-E1,AUTO,[深さ上限]
,WXK09-003,回廊回路,アーツ,WXK09-003-E1,ACTIVATED,[深さ上限]
,WXK09-004,ストーリー・テラー,アーツ,WXK09-004-E1,ACTIVATED,(ログなし)
,WXK09-005,開かれし鍵門　ウトゥルス,キー,WXK09-005-E3,ACTIVATED,(ログなし)
,WXK09-005,開かれし鍵門　ウトゥルス,キー,WXK09-005-E4,ACTIVATED,(ログなし)
,WXK09-006,天色の巫女　タマヨリヒメ,ルリグ,WXK09-006-E1,AUTO,(ログなし)
,WXK09-006,天色の巫女　タマヨリヒメ,ルリグ,WXK09-006-E2,ACTIVATED,(ログなし)
,WXK09-029,波奏の蒼天　トリトン,シグニ,WXK09-029-E2,ACTIVATED,[深さ上限]
,WXK09-029,波奏の蒼天　トリトン,シグニ,WXK09-029-BURST,LIFE_BURST,(ログなし)
,WXK09-031,コードハート　Ｖ・∀・Ｃ,シグニ,WXK09-031-BURST,LIFE_BURST,(ログなし)
,WXK09-032,コードハート　Ｏ・Ｐ・Ａ,シグニ,WXK09-032-E1,AUTO,[深さ上限]
,WXK09-033,コードハート　Ｈ・Ｃ・Ｐ・Ｕ,シグニ,WXK09-033-E2,AUTO,(ログなし)
,WXK09-034,彷徨変異の凶悪　セユラギ,シグニ,WXK09-034-E1,AUTO,[深さ上限]
,WXK09-034,彷徨変異の凶悪　セユラギ,シグニ,WXK09-034-E2,AUTO,(ログなし)
,WXK09-035,白雪の童話　ユキジロヒメ,シグニ,WXK09-035-BURST,LIFE_BURST,(ログなし)
,WXK09-036,夜統べる闇　ダークナイト,シグニ,WXK09-036-E2,ACTIVATED,(ログなし)
,WXK09-037,紡槍　アークエナジェ,シグニ,WXK09-037-BURST,LIFE_BURST,(ログなし)
,WXK09-047,コードアート　Ｗ・Ｓ・Ｂ,シグニ,WXK09-047-BURST,LIFE_BURST,(ログなし)
,WXK09-048,コードアート　Ｍ・Ｔ・Ｄ,シグニ,WXK09-048-E3,ACTIVATED,(ログなし)
,WXK09-049,コードアート　Ａ・Ｃ・Ｓ,シグニ,WXK09-049-E2,ACTIVATED,(ログなし)
,WXK09-052,コードアート　Ｕ・Ｓ・Ｓ,シグニ,WXK09-052-E1,AUTO,[深さ上限]
,WXK09-055,改良,スペル,WXK09-055-E1,ACTIVATED,[深さ上限]
,WXK09-058,白雪の童話　プリンス・キッス,シグニ,WXK09-058-E1,AUTO,[深さ上限]
,WXK09-059,菓子の童話　グレーテル,シグニ,WXK09-059-E2,AUTO,(ログなし)
,WXK09-060,楽隊の童話　コケコブ,シグニ,WXK09-060-E3,AUTO,(ログなし)
,WXK09-064,波翔の蒼天　ネプトゥーヌス,シグニ,WXK09-064-E1,ACTIVATED,[深さ上限]
,WXK09-066,深淵の蒼天　エンキ,シグニ,WXK09-066-E1,AUTO,[深さ上限]
,WXK09-067,伊吹の蒼天　イチキシマ,シグニ,WXK09-067-E1,AUTO,[深さ上限]
,WXK09-078,コードアート　Ｓ・Ｐ・Ｓ,シグニ,WXK09-078-E1,AUTO,[深さ上限]
,WXK09-078,コードアート　Ｓ・Ｐ・Ｓ,シグニ,WXK09-078-E2,ACTIVATED,(ログなし)
,WXK09-081,コードアート　Ｓ・Ｄ・Ｉ,シグニ,WXK09-081-E1,AUTO,[深さ上限]
,WXK09-082,コードアート　Ｌ・Ｔ・Ｓ,シグニ,WXK09-082-E2,AUTO,(ログなし)
,WXK09-086,コードアート　Ｖ・Ｂ・Ｒ,シグニ,WXK09-086-E2,AUTO,(ログなし)
,WXK09-093,楽隊の童話　ロバン,シグニ,WXK09-093-E1,AUTO,(ログなし)
,WXK09-096,星銀の童話　ブロト,シグニ,WXK09-096-E2,ACTIVATED,(ログなし)
,WXK10-006,劫末の唄鍵　ワールド・エンド,キー,WXK10-006-E3,ACTIVATED,(ログなし)
,WXK10-015,サポーター　鈴原るる,キー,WXK10-015-E3,ACTIVATED,(ログなし)
,WXK10-019,アロス＆コードピルルク　ＫＥＹ,キー,WXK10-019-E3,ACTIVATED,[深さ上限]
,WXK10-020,双獄の閻魔　ウリス＆カーニバル,キー,WXK10-020-E1,AUTO,(ログなし)
,WXK10-021,師の英遊　ショーギ,シグニ,WXK10-021-BURST,LIFE_BURST,(ログなし)
,WXK10-022,コードＶＬ　御伽原江良,シグニ,WXK10-022-E3,AUTO,[深さ上限]
,WXK10-024,古代の炎魔　グレンデ,シグニ,WXK10-024-BURST,LIFE_BURST,(ログなし)
,WXK10-025,味覚の惑魔　タピピ,シグニ,WXK10-025-E3,AUTO,(ログなし)
,WXK10-025,味覚の惑魔　タピピ,シグニ,WXK10-025-BURST,LIFE_BURST,[深さ上限]
,WXK10-038,大装　ライブレラ,シグニ,WXK10-038-E1,AUTO,(ログなし)
,WXK10-042,堕ちし蒼天　ネフィリム,シグニ,WXK10-042-E1,AUTO,(ログなし)
,WXK10-043,雪英の迷形　ケッショウ,シグニ,WXK10-043-E2,ACTIVATED,[深さ上限]
,WXK10-044,コードメイズ　ドワール,シグニ,WXK10-044-E1,AUTO,[深さ上限]
,WXK10-044,コードメイズ　ドワール,シグニ,WXK10-044-E2,AUTO,[深さ上限]
,WXK10-044,コードメイズ　ドワール,シグニ,WXK10-044-BURST,LIFE_BURST,[深さ上限]
,WXK10-046,幻怪電　ライジュウ,シグニ,WXK10-046-E3,AUTO,[深さ上限]
,WXK10-050,コードアート　Ｎ・Ｔ・Ｃ,シグニ,WXK10-050-E1,AUTO,(ログなし)
,WXK10-050,コードアート　Ｎ・Ｔ・Ｃ,シグニ,WXK10-050-BURST,LIFE_BURST,[深さ上限]
,WXK10-054,弩書　ピカトリクス,シグニ,WXK10-054-E2,ACTIVATED,[深さ上限]
,WXK10-054,弩書　ピカトリクス,シグニ,WXK10-054-BURST,LIFE_BURST,[深さ上限]
,WXK10-055,千匹の童話　センショク,シグニ,WXK10-055-E2,AUTO,(ログなし)
,WXK10-055,千匹の童話　センショク,シグニ,WXK10-055-BURST,LIFE_BURST,(ログなし)
,WXK10-056,兄妹の原童話　アリョーヌ　,シグニ,WXK10-056-E2,AUTO,(ログなし)
,WXK10-060,羅植　ユキヤナギ,シグニ,WXK10-060-E2,AUTO,[深さ上限]
,WXK10-066,コードアンチ　ネフティス,シグニ,WXK10-066-E2,ACTIVATED,[深さ上限]
,WXK10-069,炎魔の赤眼　アロケン,シグニ,WXK10-069-E1,AUTO,(ログなし)
,WXK10-073,技英の特異　シンギュラ,シグニ,WXK10-073-E2,AUTO,[深さ上限]
,WXK10-084,大罠　キノコイモムシ,シグニ,WXK10-084-E3,ACTIVATED,(ログなし)
,WXK10-086,魏軍の剛毅　ウキン,シグニ,WXK10-086-E2,ACTIVATED,(ログなし)
,WXK10-091,蛙王の童話　ハインリヒ,シグニ,WXK10-091-E2,ACTIVATED,(ログなし)
,WXK11-003,ロック・ユアハート,アーツ,WXK11-003-E1,ACTIVATED,[深さ上限]
,WXK11-006,対極の選択　タマＶＳウリス,キー,WXK11-006-E4,AUTO,[深さ上限]
,WXK11-015,反覆する思念　ピルルクＶＳリメンバ,キー,WXK11-015-E3,AUTO,(ログなし)
,WXK11-018,コードＶＬ　健屋花那,シグニ,WXK11-018-E1,AUTO,(ログなし)
,WXK11-018,コードＶＬ　健屋花那,シグニ,WXK11-018-E2,AUTO,[深さ上限]
,WXK11-018,コードＶＬ　健屋花那,シグニ,WXK11-018-E3,AUTO,(ログなし)
,WXK11-018,コードＶＬ　健屋花那,シグニ,WXK11-018-BURST,LIFE_BURST,(ログなし)
,WXK11-020,コードアンチ　ヘルボロス,シグニ,WXK11-020-E3,ACTIVATED,(ログなし)
,WXK11-020,コードアンチ　ヘルボロス,シグニ,WXK11-020-BURST,LIFE_BURST,(ログなし)
,WXK11-022,コードラビラント　クイン,シグニ,WXK11-022-E2,AUTO,[深さ上限]
,WXK11-023,聖墓の蒼天　ムンカルン,シグニ,WXK11-023-BURST,LIFE_BURST,(ログなし)
,WXK11-026,不可思議な誇超　コンテンポラ,シグニ,WXK11-026-E3,AUTO,(ログなし)
,WXK11-033,羅原　Ａｍｌ,シグニ,WXK11-033-E1,AUTO,[深さ上限]
,WXK11-041,幻蟲　アラクネ・パイダ,シグニ,WXK11-041-E3,AUTO,[深さ上限]
,WXK11-045,羅星　ルシファスター,シグニ,WXK11-045-E1,AUTO,[深さ上限]
,WXK11-047,サーバント　ＺＺ,シグニ,WXK11-047-E1,AUTO,(ログなし)
,WXK11-048,讃の遊　スノボクイーン,シグニ,WXK11-048-BURST,LIFE_BURST,(ログなし)
,WXK11-051,コードＶＬ　ルイス・キャミ―,シグニ,WXK11-051-E1,AUTO,(ログなし)
,WXK11-052,アーク・オーダー,スペル,WXK11-052-E1,ACTIVATED,[深さ上限]
,WXK11-056,羅原　Ｇｔ,シグニ,WXK11-056-E1,ACTIVATED,(ログなし)
,WXK11-056,羅原　Ｇｔ,シグニ,WXK11-056-E2,ACTIVATED,(ログなし)
,WXK11-057,コードＶＬ　えま★おうがすと,シグニ,WXK11-057-E2,AUTO,(ログなし)
,WXK11-057,コードＶＬ　えま★おうがすと,シグニ,WXK11-057-BURST,LIFE_BURST,(ログなし)
,WXK11-058,烈日の割裂,スペル,WXK11-058-E1,ACTIVATED,(ログなし)
,WXK11-060,占英の星術　アストロノミカ,シグニ,WXK11-060-E1,AUTO,(ログなし)
,WXK11-062,コードメイズ　アステカレンダー,シグニ,WXK11-062-E1,AUTO,(ログなし)
,WXK11-066,幻水　オタガメ,シグニ,WXK11-066-E2,AUTO,(ログなし)
,WXK11-068,コードアート　Ｃ・Ｍ・Ｒ,シグニ,WXK11-068-E2,ACTIVATED,[深さ上限]
,WXK11-069,ドライ＝インフル,シグニ,WXK11-069-E1,AUTO,[深さ上限]
,WXK11-071,大罠　フーディナ,シグニ,WXK11-071-E2,ACTIVATED,(ログなし)
,WXK11-074,羅星　サタン,シグニ,WXK11-074-E1,AUTO,(ログなし)
,WD10-015,小砲　グレネド,シグニ,WD10-015-E2,AUTO,(ログなし)
,WD11-008,黒幻蟲　ヤスデス,レゾナ,WD11-008-E1,AUTO,(ログなし)
,WD11-009,幻蟲　クロハ,シグニ,WD11-009-E2,AUTO,(ログなし)
,WD11-018,ゲット・インセクト,スペル,WD11-018-E1,ACTIVATED,(ログなし)
,WD11-018,ゲット・インセクト,スペル,WD11-018-BURST,LIFE_BURST,(ログなし)
,WD12-013,弍ノ遊　マトリョ,シグニ,WD12-013-E1,AUTO,(ログなし)
,WD12-015,壱ノ遊　ガチャポ,シグニ,WD12-015-E1,AUTO,(ログなし)
,WD13-003,泡沫の巫女　タマ,ルリグ,WD13-003-E2,ACTIVATED,[深さ上限]
,WD13-009,スピリット・サルベージ,アーツ,WD13-009-E1,ACTIVATED,(ログなし)
,WD14-008,グレイブ・ガット,アーツ,WD14-008-E1,ACTIVATED,(ログなし)
,WD14-011,弄命の侯爵　アモノウル,シグニ,WD14-011-E1,AUTO,(ログなし)
,WD14-012,毒蛇の華　アシュタルス,シグニ,WD14-012-E1,AUTO,(ログなし)
,WD15-013,幻竜　フェニックス,シグニ,WD15-013-E1,AUTO,(ログなし)
,WD15-013,幻竜　フェニックス,シグニ,WD15-013-BURST,LIFE_BURST,(ログなし)
,WD15-018,幻竜　ナイルワニ,シグニ,WD15-018-E1,AUTO,(ログなし)
,WD15-023,振子の乱舞,スペル,WD15-023-E1,ACTIVATED,(ログなし)
,WD16-012,コードアート　Ｍ・Ｗ・Ｏ,シグニ,WD16-012-E3,AUTO,(ログなし)
,WD17-001,決死の記憶　リル,ルリグ,WD17-001-E2,ACTIVATED,[深さ上限]
,WD18-006,千軍万馬,アーツ,WD18-006-E1,ACTIVATED,(ログなし)
,WD19-001,ナナシ　其ノ四,ルリグ,WD19-001-E1,AUTO,(ログなし)
,WD19-008,ブラック・サルベージ,アーツ,WD19-008-E1,ACTIVATED,(ログなし)
,WD19-011,羅菌　ショウコカビ,シグニ,WD19-011-E1,AUTO,(ログなし)
,WD21-001,カーニバル　―ＱＡ―,ルリグ,WD21-001-E1,AUTO,[深さ上限]
,WD21-017,羅星　≡センヤ≡,シグニ,WD21-017-E1,AUTO,(ログなし)
,WD21-020,磊落の選択,スペル,WD21-020-E1,ACTIVATED,[深さ上限]
,WD22-007-G,成就の駄姫　グズ子,ルリグ,WD22-007-G-E2,AUTO,(ログなし)
,WD22-012-G,バッド・トイ,アーツ,WD22-012-G-E1,ACTIVATED,(ログなし)
,WD22-035-G,異血之遊　†チョウハン†,シグニ,WD22-035-G-E1,AUTO,(ログなし)
,WD22-037-UG,死之遊魔　†ルーレット†,シグニ,WD22-037-UG-E2,AUTO,(ログなし)
,WD22-041-UG,リバース・キス,スペル,WD22-041-UG-E1,ACTIVATED,(ログなし)
,WD23-001-E,エルドラ×マークⅣ　アナザー,ルリグ,WD23-001-E-E2,AUTO,(ログなし)
,WD23-013-A,ワンモア・コール,アーツ,WD23-013-A-E1,ACTIVATED,(ログなし)
,WD23-033-A,超罠　ボーウケアミ,シグニ,WD23-033-A-BURST,LIFE_BURST,(ログなし)
,WDA-F02-17,幻蟲　§アメンボ§,シグニ,WDA-F02-17-BURST,LIFE_BURST,(ログなし)
,WDK01-017,コードライド　ゴーカート,シグニ,WDK01-017-E1,AUTO,(ログなし)
,WDK03-001,四型絆娘　翠子,ルリグ,WDK03-001-E1,ACTIVATED,(ログなし)
,WDK04-001,再来の駄姫　グズ子,ルリグ,WDK04-001-E2,AUTO,(ログなし)
,WDK04-012,超罠　ダイシャリン,シグニ,WDK04-012-E1,AUTO,[深さ上限]
,WDK04-020,ウィッチ・ニッチ,スペル,WDK04-020-E1,ACTIVATED,(ログなし)
,WDK05-R20,ＦＲＯＺＥＮ　ＦＩＮＧＥＲ,スペル,WDK05-R20-E1,ACTIVATED,(ログなし)
,WDK06-R17,小装　ヌンチャ,シグニ,WDK06-R17-E1,AUTO,(ログなし)
,WDK06-C09,ナナシ　其の鉤,キー,WDK06-C09-E2,ACTIVATED,(ログなし)
,WDK06-C11,魏軍の隻眼　カコウトン,シグニ,WDK06-C11-E1,AUTO,(ログなし)
,WDK06-C12,円卓の不義　ランスロー,シグニ,WDK06-C12-E1,ACTIVATED,(ログなし)
,WDK06-C14,魏軍の赤弓　カコウエン,シグニ,WDK06-C14-E1,AUTO,(ログなし)
,WDK07-E08,キャンディ・レイン,アーツ,WDK07-E08-E1,ACTIVATED,(ログなし)
,WDK07-E09,イベリコーナII世　～鍵の章～,キー,WDK07-E09-E1,AUTO,(ログなし)
,WDK08-Y01,爪牙　遊月・肆,ルリグ,WDK08-Y01-E1,AUTO,[深さ上限]
,WDK08-L09,ＡＶＡＬ科学財団,キー,WDK08-L09-E3,ACTIVATED,(ログなし)
,WDK08-L11,紅蓮の使い魔　ツクヨミ,シグニ,WDK08-L11-E2,AUTO,(ログなし)
,WDK09-011,コードメイズ　リュウジョウ,シグニ,WDK09-011-BURST,LIFE_BURST,[深さ上限]
,WDK09-013,コードメイズ　Ｂ・スカイジュ,シグニ,WDK09-013-E2,AUTO,[深さ上限]
,WDK09-022,ＢＲＩＧＨＴＮＥＳＳ,スペル,WDK09-022-E1,ACTIVATED,(ログなし)
,WDK10-001,爆掃の閻魔　ウリス,ルリグ,WDK10-001-E1,AUTO,(ログなし)
,WDK10-001,爆掃の閻魔　ウリス,ルリグ,WDK10-001-E2,ACTIVATED,[深さ上限]
,WDK10-008,ヴェイパー・コントロール,アーツ,WDK10-008-E1,ACTIVATED,(ログなし)
,WDK10-011,幻竜　アン＝ミラ,シグニ,WDK10-011-E2,AUTO,(ログなし)
,WDK10-022,テクニカル・ボア,スペル,WDK10-022-E1,ACTIVATED,(ログなし)
,WDK11-001,エマ　レベル４,ルリグ,WDK11-001-E3,AUTO,(ログなし)
,WDK12-008,化学分解,アーツ,WDK12-008-E1,ACTIVATED,[深さ上限]
,WDK12-011,羅菌　ヨウサン,シグニ,WDK12-011-BURST,LIFE_BURST,[深さ上限]
,WDK12-012,羅菌　アエン,シグニ,WDK12-012-E1,ACTIVATED,[深さ上限]
,WDK13-001,ミュウ＝バタフライ,ルリグ,WDK13-001-E1,AUTO,(ログなし)
,WDK13-001,ミュウ＝バタフライ,ルリグ,WDK13-001-E2,ACTIVATED,(ログなし)
,WDK13-008,オリオンズ・バブル,アーツ,WDK13-008-E1,ACTIVATED,(ログなし)
,WDK14-001,奏でし者　タウィル＝フィーラ,ルリグ,WDK14-001-E3,ACTIVATED,(ログなし)
,WDK14-012,炎魔の陽杖　トービエ,シグニ,WDK14-012-E1,AUTO,(ログなし)
,WDK15-001,ナナシ　其ノ四ノ報,ルリグ,WDK15-001-E2,AUTO,(ログなし)
,WDK15-009,スティング・スイング,アーツ,WDK15-009-E1,ACTIVATED,(ログなし)
,WDK15-013,轟書　エンキリデ,シグニ,WDK15-013-E1,AUTO,(ログなし)
,WDK15-015,爆書　カゲシ,シグニ,WDK15-015-E1,AUTO,(ログなし)
,WDK15-022,ニュース・デリバリー,スペル,WDK15-022-E1,ACTIVATED,(ログなし)
,WDK17-007,オクロック・ベル,アーツ,WDK17-007-E1,ACTIVATED,(ログなし)
,WDK17-008,パンプキン・キャリッジ,アーツ,WDK17-008-E1,ACTIVATED,[深さ上限]
,WDK17-012,舞踏の童話　ディンゴン,シグニ,WDK17-012-E2,ACTIVATED,(ログなし)
,WDK17-013,舞踏の童話　リンツ,シグニ,WDK17-013-E1,AUTO,(ログなし)
,WDK17-017,舞踏の童話　タウベズ,シグニ,WDK17-017-E1,AUTO,(ログなし)
,WDK17-022,アクター・ワードローブ,スペル,WDK17-022-E1,ACTIVATED,(ログなし)
,SP07-011,不思議な童話　メルへ,シグニ,SP07-011-E3,ACTIVATED,(ログなし)
,SP26-007,天変地威,アーツ,SP26-007-E1,ACTIVATED,[深さ上限]
,SP26-008,熾々奮迅,アーツ,SP26-008-E1,ACTIVATED,[深さ上限]
,SP27-004,大盾　スパルタン,シグニ,SP27-004-E1,AUTO,[深さ上限]
,SP27-004,大盾　スパルタン,シグニ,SP27-004-E2,AUTO,[深さ上限]
,SP27-010,火電一閃,アーツ,SP27-010-E1,ACTIVATED,(ログなし)
,SP27-017,太陽の御者　≡ヘリオス≡,シグニ,SP27-017-E1,ACTIVATED,(ログなし)
,SP27-018,ドライ＝ラミア,シグニ,SP27-018-E1,ACTIVATED,[深さ上限]
,SP38-006,創鍵の巫女　マユ,キー,SP38-006-E3,ACTIVATED,[深さ上限]
,SPK01-02,魔界の詩文　ダンテ,シグニ,SPK01-02-E2,AUTO,(ログなし)
,SPK01-03,幻怪　カマイタチ,シグニ,SPK01-03-E1,AUTO,[深さ上限]
,SPK01-04,讃の遊　ベッドメリー,シグニ,SPK01-04-E1,AUTO,[深さ上限]
,SPK01-05,中装　カンショウ・バクヤ,シグニ,SPK01-05-E2,AUTO,(ログなし)
,SPK01-09,大罠　ハート・クイーン,シグニ,SPK01-09-E2,AUTO,(ログなし)
,SPK01-09,大罠　ハート・クイーン,シグニ,SPK01-09-BURST,LIFE_BURST,(ログなし)
,SPK01-11,コードイート　ラズベリー,シグニ,SPK01-11-E1,AUTO,[深さ上限]
,SPK01-13,セレクト・ハッピー５,アーツ,SPK01-13-E1,ACTIVATED,(ログなし)
,SPK01-15,魔界の五裁　マルバス,シグニ,SPK01-15-E1,AUTO,(ログなし)
,SPK16-8C,時英の埋設　＃タイプス＃,シグニ,SPK16-8C-E2,AUTO,(ログなし)
,PR-046,星占の巫女　リメンバ・ナイト,ルリグ,PR-046-E4,ACTIVATED,(ログなし)
,PR-047,星占の巫女　リメンバ・ドウン,ルリグ,PR-047-E1,AUTO,(ログなし)
,PR-204,アーク・ディストラクト,アーツ,PR-204-E1,ACTIVATED,[深さ上限]
,PR-247,コードアート　B・B・Q,シグニ,PR-247-E1,AUTO,(ログなし)
,PR-258,紆余曲折,アーツ,PR-258-E1,ACTIVATED,[深さ上限]
,PR-305,エンジェルキラー　†上柚木綾瀬†,シグニ,PR-305-E1,AUTO,[深さ上限]
,PR-305,エンジェルキラー　†上柚木綾瀬†,シグニ,PR-305-E2,AUTO,(ログなし)
,PR-316,サチュレイト・ガット,アーツ,PR-316-E1,ACTIVATED,(ログなし)
,PR-322,白亜の鍵主　ウルトゥム,ルリグ,PR-322-E1,ACTIVATED,[深さ上限]
,PR-366,験英の応援　＃ゴウカク＃,シグニ,PR-366-E2,AUTO,[深さ上限]
,PR-380,ステアード・サルベージ,アーツ,PR-380-E1,ACTIVATED,(ログなし)
,PR-402,怠惰の魔王　ベルフェゴール,シグニ,PR-402-BURST,LIFE_BURST,(ログなし)
,PR-434,錯乱する所以,スペル,PR-434-E1,ACTIVATED,[深さ上限]
,PR-434,錯乱する所以,スペル,PR-434-BURST,LIFE_BURST,[深さ上限]
,PR-464,絶影の追跡者　エリナ,シグニ,PR-464-E2,AUTO,(ログなし)
,PR-465,時英の埋設　#タイプス#,シグニ,PR-465-E2,AUTO,(ログなし)
,PR-K019,始まりのルリグ　夢限の鍵,キー,PR-K019-E2,AUTO,(ログなし)
,PR-K026,応諾の鍵主　ウムル,キー,PR-K026-E4,ACTIVATED,(ログなし)
,PR-K043,爪英の忠誠　風の姉妹,シグニ,PR-K043-E1,AUTO,[深さ上限]
,PR-K054,中装　ファイ,シグニ,PR-K054-E2,AUTO,[深さ上限]
,PR-K073,コードＶＬ　花畑チャイカ,シグニ,PR-K073-BURST,LIFE_BURST,(ログなし)
,PR-K077,紡ぐ鍵,キー,PR-K077-E2,ACTIVATED,(ログなし)
,PR-K078,炎魔の冥土　アイリ,シグニ,PR-K078-BURST,LIFE_BURST,(ログなし)
,WXDi-D01-020,サーバント　#,シグニ,WXDi-D01-020-BURST,LIFE_BURST,(ログなし)
,WXDi-D02-06LT,【アシスト】アンジュ　レベル１,アシストルリグ,WXDi-D02-06LT-E1,AUTO,(ログなし)
,WXDi-D02-16T,【センター】とこ　レベル３,ルリグ,WXDi-D02-16T-E2,AUTO,(ログなし)
,WXDi-D02-22,コード２４３４　森中花咲,シグニ,WXDi-D02-22-E1,AUTO,(ログなし)
,WXDi-D02-23,コード２４３４　御伽原江良,シグニ,WXDi-D02-23-E1,AUTO,(ログなし)
,WXDi-D02-24,コード２４３４　樋口楓,シグニ,WXDi-D02-24-BURST,LIFE_BURST,(ログなし)
,WXDi-D02-25,コード２４３４　静凛,シグニ,WXDi-D02-25-E1,AUTO,[深さ上限]
,WXDi-D02-25,コード２４３４　静凛,シグニ,WXDi-D02-25-BURST,LIFE_BURST,(ログなし)
,WXDi-D02-29,ワンダー・ランド,スペル,WXDi-D02-29-E1,ACTIVATED,(ログなし)
,WXDi-D03-004,頂点へ一歩　ヒラナ,ルリグ,WXDi-D03-004-E3,ACTIVATED,(ログなし)
,WXDi-D03-006,アキノ＊グー,アシストルリグ,WXDi-D03-006-E1,AUTO,(ログなし)
,WXDi-D03-012,小装　ローメイル,シグニ,WXDi-D03-012-E1,AUTO,(ログなし)
,WXDi-D03-013,紅将　ランスロット,シグニ,WXDi-D03-013-E1,AUTO,(ログなし)
,WXDi-D03-015,紅天　カグツチ,シグニ,WXDi-D03-015-E2,AUTO,(ログなし)
,WXDi-D03-015,紅天　カグツチ,シグニ,WXDi-D03-015-BURST,LIFE_BURST,(ログなし)
,WXDi-D03-016,大得装　トレット,シグニ,WXDi-D03-016-E1,AUTO,(ログなし)
,WXDi-D03-020,サーバント　＃,シグニ,WXDi-D03-020-BURST,LIFE_BURST,(ログなし)
,WXDi-D04-004,MC.LION-3rdVerse,ルリグ,WXDi-D04-004-E2,ACTIVATED,(ログなし)
,WXDi-D04-015,聖天　アテナ,シグニ,WXDi-D04-015-E1,AUTO,(ログなし)
,WXDi-D04-016,コードアート　Ｃヤンデリア,シグニ,WXDi-D04-016-BURST,LIFE_BURST,(ログなし)
,WXDi-D06-004,VOGUE3　ムジカ,ルリグ,WXDi-D06-004-E2,AUTO,(ログなし)
,WXDi-D06-004,VOGUE3　ムジカ,ルリグ,WXDi-D06-004-E3,ACTIVATED,[深さ上限]
,WXDi-D06-014,凶天　ガープ,シグニ,WXDi-D06-014-E1,AUTO,(ログなし)
,WXDi-D06-017,凶魔　アンナ・ミラージュ,シグニ,WXDi-D06-017-BURST,LIFE_BURST,(ログなし)
,WXDi-D07-006,デウスドライブ,アシストルリグ,WXDi-D07-006-E1,AUTO,(ログなし)
,WXDi-D07-009,マキナウィングスラッシュ,アシストルリグ,WXDi-D07-009-E1,AUTO,(ログなし)
,WXDi-D07-009,マキナウィングスラッシュ,アシストルリグ,WXDi-D07-009-E2,AUTO,(ログなし)
,WXDi-D07-010,マキナスマッシュ,アシストルリグ,WXDi-D07-010-E2,AUTO,(ログなし)
,WXDi-D07-016,羅星　マースカ,シグニ,WXDi-D07-016-E1,AUTO,(ログなし)
,WXDi-D08-019,聖天　アークアテナ,シグニ,WXDi-D08-019-E1,AUTO,[深さ上限]
,WXDi-D09-H24,小装　サミダレ,シグニ,WXDi-D09-H24-E1,AUTO,(ログなし)
,WXDi-D09-P06,ドーナ『応援してね！』,アシストルリグ,WXDi-D09-P06-E1,AUTO,(ログなし)
,WXDi-D09-P07,ドーナ『いけいけ！』,アシストルリグ,WXDi-D09-P07-E2,AUTO,(ログなし)
,WXDi-D09-P11,サマーライブブルーズ,ピース,WXDi-D09-P11-E1,ACTIVATED,[深さ上限]
,WXDi-D09-P15,聖魔姫　オロチマル,シグニ,WXDi-D09-P15-E2,AUTO,(ログなし)
,WXDi-D09-P26,RECOVERY,スペル,WXDi-D09-P26-BURST,LIFE_BURST,[深さ上限]
,WXDi-P00-001,スーパー・ヘルエスタセイバー,ピース,WXDi-P00-001-E1,ACTIVATED,(ログなし)
,WXDi-P00-017,ウムル＝ブレイク,アシストルリグ,WXDi-P00-017-E1,AUTO,(ログなし)
,WXDi-P00-021,アト＝リマインド,アシストルリグ,WXDi-P00-021-E2,AUTO,[深さ上限]
,WXDi-P00-025,【アシスト】リゼ　レベル２’,アシストルリグ,WXDi-P00-025-E2,AUTO,(ログなし)
,WXDi-P00-026,【アシスト】リゼ　レベル２’’,アシストルリグ,WXDi-P00-026-E1,AUTO,[深さ上限]
,WXDi-P00-029,【アシスト】アンジュ　レベル２’’,アシストルリグ,WXDi-P00-029-E2,AUTO,(ログなし)
,WXDi-P00-031,【アシスト】とこ　レベル２’,アシストルリグ,WXDi-P00-031-E2,AUTO,(ログなし)
,WXDi-P00-032,【アシスト】とこ　レベル２’’,アシストルリグ,WXDi-P00-032-E1,AUTO,(ログなし)
,WXDi-P00-044,コード２４３４　シスター・クレア,シグニ,WXDi-P00-044-E1,AUTO,[深さ上限]
,WXDi-P00-062,蒼魔　スライムメイジ,シグニ,WXDi-P00-062-E1,AUTO,[深さ上限]
,WXDi-P00-065,羅星　ヴェラ,シグニ,WXDi-P00-065-BURST,LIFE_BURST,[深さ上限]
,WXDi-P00-066,BLUE　OPENER,スペル,WXDi-P00-066-E1,ACTIVATED,[深さ上限]
,WXDi-P00-066,BLUE　OPENER,スペル,WXDi-P00-066-BURST,LIFE_BURST,[深さ上限]
,WXDi-P00-072,奏創,スペル,WXDi-P00-072-E1,ACTIVATED,[深さ上限]
,WXDi-P00-072,奏創,スペル,WXDi-P00-072-BURST,LIFE_BURST,[深さ上限]
,WXDi-P00-078,コード２４３４　夜見れな,シグニ,WXDi-P00-078-BURST,LIFE_BURST,(ログなし)
,WXDi-P01-006,ネバー・サレンダー,ピース,WXDi-P01-006-E1,ACTIVATED,(ログなし)
,WXDi-P01-010,アキノ＊ダブルピース,アシストルリグ,WXDi-P01-010-E1,AUTO,(ログなし)
,WXDi-P01-010,アキノ＊ダブルピース,アシストルリグ,WXDi-P01-010-E2,AUTO,(ログなし)
,WXDi-P01-011,アキノ＊バイバイ,アシストルリグ,WXDi-P01-011-E2,AUTO,(ログなし)
,WXDi-P01-027,マドカ//スライド,アシストルリグ,WXDi-P01-027-E1,AUTO,[深さ上限]
,WXDi-P01-028,マドカ//ブレイク,アシストルリグ,WXDi-P01-028-E1,AUTO,[深さ上限]
,WXDi-P01-028,マドカ//ブレイク,アシストルリグ,WXDi-P01-028-E2,AUTO,[深さ上限]
,WXDi-P01-030,サンガ//スイング,アシストルリグ,WXDi-P01-030-E1,AUTO,(ログなし)
,WXDi-P01-052,スタンド・アップ,スペル,WXDi-P01-052-E1,ACTIVATED,(ログなし)
,WXDi-P01-054,紅将　ガクヒ,シグニ,WXDi-P01-054-E1,ACTIVATED,(ログなし)
,WXDi-P01-062,蒼将　ブラダマンテ,シグニ,WXDi-P01-062-E1,AUTO,(ログなし)
,WXDi-P01-063,羅星　アンチラ,シグニ,WXDi-P01-063-E1,AUTO,[深さ上限]
,WXDi-P01-077,大蛇,スペル,WXDi-P01-077-E1,ACTIVATED,(ログなし)
,WXDi-P01-078,凶天　アズライール,シグニ,WXDi-P01-078-E1,AUTO,(ログなし)
,WXDi-P01-078,凶天　アズライール,シグニ,WXDi-P01-078-BURST,LIFE_BURST,(ログなし)
,WXDi-P01-087,コードメイズ　ウェカワ,シグニ,WXDi-P01-087-E2,AUTO,(ログなし)
,WXDi-P01-087,コードメイズ　ウェカワ,シグニ,WXDi-P01-087-BURST,LIFE_BURST,(ログなし)
,WXDi-P02-010,ヒラナ*ステージ,アシストルリグ,WXDi-P02-010-E1,AUTO,(ログなし)
,WXDi-P02-012,ヒラナ*ストレート,アシストルリグ,WXDi-P02-012-E1,AUTO,(ログなし)
,WXDi-P02-018,MC.LION-STANDUP,アシストルリグ,WXDi-P02-018-E1,AUTO,[深さ上限]
,WXDi-P02-025,タマゴ＝ビーティング,アシストルリグ,WXDi-P02-025-E1,AUTO,[深さ上限]
,WXDi-P02-030,VOGUE3　マドカ,ルリグ,WXDi-P02-030-E3,ACTIVATED,[深さ上限]
,WXDi-P02-039,幻獣神　バッファロー,シグニ,WXDi-P02-039-E2,AUTO,(ログなし)
,WXDi-P02-040,蒼天姫　アマビエ,シグニ,WXDi-P02-040-BURST,LIFE_BURST,(ログなし)
,WXDi-P02-041,羅輝石　ロイヤルブルー,シグニ,WXDi-P02-041-E1,ACTIVATED,(ログなし)
,WXDi-P02-045,凶天姫　ヴァルキリー,シグニ,WXDi-P02-045-E1,AUTO,(ログなし)
,WXDi-P02-045,凶天姫　ヴァルキリー,シグニ,WXDi-P02-045-BURST,LIFE_BURST,(ログなし)
,WXDi-P02-057,紅魔　ゼパル,シグニ,WXDi-P02-057-E1,AUTO,(ログなし)
,WXDi-P02-065,コードメイズ　スノミュ,シグニ,WXDi-P02-065-E1,AUTO,[深さ上限]
,WXDi-P02-073,羅星　オフューカス,シグニ,WXDi-P02-073-E1,AUTO,[深さ上限]
,WXDi-P02-078,コードメイズ　フジサパ,シグニ,WXDi-P02-078-E1,ACTIVATED,[深さ上限]
,WXDi-P02-081,凶天　ニュクス,シグニ,WXDi-P02-081-E1,AUTO,(ログなし)
,WXDi-P02-085,凶将　チンキュウ,シグニ,WXDi-P02-085-BURST,LIFE_BURST,(ログなし)
,WXDi-P02-088,コードアート　Eヤーホ,シグニ,WXDi-P02-088-E2,AUTO,(ログなし)
,WXDi-P03-005,RHAPSODY　PARTY,ピース,WXDi-P03-005-E1,ACTIVATED,[深さ上限]
,WXDi-P03-011,ヒラナ＊ドッカン,アシストルリグ,WXDi-P03-011-E2,AUTO,(ログなし)
,WXDi-P03-013,レイ＊神威,アシストルリグ,WXDi-P03-013-E3,AUTO,[深さ上限]
,WXDi-P03-017,MC.LION-BUILD　UP,アシストルリグ,WXDi-P03-017-E1,AUTO,(ログなし)
,WXDi-P03-018,MC.LION-DROP,アシストルリグ,WXDi-P03-018-E1,AUTO,[深さ上限]
,WXDi-P03-023,天翔　ノヴァ,ルリグ,WXDi-P03-023-E2,AUTO,[深さ上限]
,WXDi-P03-026,タマゴ＝アクセント,アシストルリグ,WXDi-P03-026-E2,AUTO,[深さ上限]
,WXDi-P03-038,紅天姫　ゼウシアス,シグニ,WXDi-P03-038-E2,AUTO,(ログなし)
,WXDi-P03-040,コードオーダー　ワッフルアイス,シグニ,WXDi-P03-040-E2,AUTO,(ログなし)
,WXDi-P03-046,羅原姫　Ａｃ,シグニ,WXDi-P03-046-E1,AUTO,(ログなし)
,WXDi-P03-061,コードアート　Ｂランケット,シグニ,WXDi-P03-061-BURST,LIFE_BURST,(ログなし)
,WXDi-P03-069,幻水　トビエイ,シグニ,WXDi-P03-069-BURST,LIFE_BURST,[深さ上限]
,WXDi-P03-087,凶将　イゾウ,シグニ,WXDi-P03-087-BURST,LIFE_BURST,(ログなし)
,WXDi-P04-004,DEATH　DECK,ピース,WXDi-P04-004-E1,ACTIVATED,(ログなし)
,WXDi-P04-010,VOGUE3-EX　マドカ,ルリグ,WXDi-P04-010-E3,ACTIVATED,[深さ上限]
,WXDi-P04-013,デウス・スリー,ルリグ,WXDi-P04-013-E3,ACTIVATED,(ログなし)
,WXDi-P04-023,デウスリミテッド,アシストルリグ,WXDi-P04-023-E2,AUTO,(ログなし)
,WXDi-P04-028,開けし扉　アト＝トレ,ルリグ,WXDi-P04-028-E2,AUTO,(ログなし)
,WXDi-P04-033,聖魔姫　ドーマン,シグニ,WXDi-P04-033-E2,AUTO,(ログなし)
,WXDi-P04-042,コードアンシエンツ　スチームパンク,シグニ,WXDi-P04-042-E2,ACTIVATED,(ログなし)
,WXDi-P04-062,白日の轟雷,スペル,WXDi-P04-062-BURST,LIFE_BURST,(ログなし)
,WXDi-P04-065,羅菌　プランクトン,シグニ,WXDi-P04-065-E1,AUTO,(ログなし)
,WXDi-P04-075,翠魔　レラジェ,シグニ,WXDi-P04-075-E1,AUTO,[深さ上限]
,WXDi-P04-086,ブラック・パック,スペル,WXDi-P04-086-BURST,LIFE_BURST,(ログなし)
,WXDi-P05-009,運鳴　ノヴァ,ルリグ,WXDi-P05-009-E3,ACTIVATED,[深さ上限]
,WXDi-P05-010,VOGUE3-EX　ムジカ,ルリグ,WXDi-P05-010-E2,AUTO,(ログなし)
,WXDi-P05-010,VOGUE3-EX　ムジカ,ルリグ,WXDi-P05-010-E3,ACTIVATED,[深さ上限]
,WXDi-P05-024,ゆかゆか☆ずばばー,アシストルリグ,WXDi-P05-024-E1,AUTO,(ログなし)
,WXDi-P05-024,ゆかゆか☆ずばばー,アシストルリグ,WXDi-P05-024-E2,AUTO,(ログなし)
,WXDi-P05-029,まほまほ☆どがーん,アシストルリグ,WXDi-P05-029-E1,AUTO,(ログなし)
,WXDi-P05-046,コードアート　Ｈヤケマ,シグニ,WXDi-P05-046-E1,AUTO,(ログなし)
,WXDi-P05-050,コードアンチ　ビッグフット,シグニ,WXDi-P05-050-E1,AUTO,[深さ上限]
,WXDi-P05-052,ゲット・ヴォルグ,スペル,WXDi-P05-052-E1,ACTIVATED,[深さ上限]
,WXDi-P05-053,紅天　ヘーメラー,シグニ,WXDi-P05-053-E1,AUTO,(ログなし)
,WXDi-P05-065,羅植　ムスカリ,シグニ,WXDi-P05-065-BURST,LIFE_BURST,[深さ上限]
,WXDi-P05-068,HAMELN　STEP,スペル,WXDi-P05-068-BURST,LIFE_BURST,[深さ上限]
,WXDi-P05-078,凶天　ワルキューレ,シグニ,WXDi-P05-078-E2,ACTIVATED,(ログなし)
,WXDi-P05-080,羅爆星　タイマーボム,シグニ,WXDi-P05-080-E1,AUTO,(ログなし)
,WXDi-P05-085,凶天　タルタロス,シグニ,WXDi-P05-085-BURST,LIFE_BURST,(ログなし)
,WXDi-P05-086,ムーン・バイツ,スペル,WXDi-P05-086-BURST,LIFE_BURST,(ログなし)
,WXDi-P06-004,イノセント・ワンピース,ピース,WXDi-P06-004-E1,ACTIVATED,(ログなし)
,WXDi-P06-005,グリーン・ビッグス,ピース,WXDi-P06-005-E1,ACTIVATED,(ログなし)
,WXDi-P06-013,狂騒の閻魔　ウリス,ルリグ,WXDi-P06-013-E1,AUTO,(ログなし)
,WXDi-P06-023,ゆかゆか☆どじゃーん,アシストルリグ,WXDi-P06-023-E2,AUTO,[深さ上限]
,WXDi-P06-025,花代・桜,アシストルリグ,WXDi-P06-025-E1,AUTO,(ログなし)
,WXDi-P06-032,コードアンシエンツ　オシリス,シグニ,WXDi-P06-032-E3,ACTIVATED,(ログなし)
,WXDi-P06-040,凶天姫　タマ//メモリア,シグニ,WXDi-P06-040-BURST,LIFE_BURST,(ログなし)
,WXDi-P06-041,凶魔姫　ルシファル,シグニ,WXDi-P06-041-E2,ACTIVATED,(ログなし)
,WXDi-P06-043,聖天　マルティエル,シグニ,WXDi-P06-043-E1,AUTO,[深さ上限]
,WXDi-P06-059,電動馬の発掘,スペル,WXDi-P06-059-E1,ACTIVATED,(ログなし)
,WXDi-P06-066,羅原　ミルルン//メモリア,シグニ,WXDi-P06-066-E1,AUTO,(ログなし)
,WXDi-P06-073,翠天　スクナビコナ,シグニ,WXDi-P06-073-E1,AUTO,(ログなし)
,WXDi-P06-075,弍ノ遊　アイヤイ//メモリア,シグニ,WXDi-P06-075-E1,ACTIVATED,(ログなし)
,WXDi-P06-080,コードアート　Jヨシツキ,シグニ,WXDi-P06-080-BURST,LIFE_BURST,(ログなし)
,WXDi-P06-083,幻黒竜　ティラノ,シグニ,WXDi-P06-083-E2,AUTO,(ログなし)
,WXDi-P06-084,幻蟲　ミュウ//メモリア,シグニ,WXDi-P06-084-E1,ACTIVATED,(ログなし)
,WXDi-P06-085,ワンス・サルベージ,スペル,WXDi-P06-085-E1,ACTIVATED,(ログなし)
,WXDi-P06-085,ワンス・サルベージ,スペル,WXDi-P06-085-BURST,LIFE_BURST,(ログなし)
,WXDi-P07-003,まっすぐオーネスト,ピース,WXDi-P07-003-E1,ACTIVATED,(ログなし)
,WXDi-P07-004,Can’t　stop　Pretty!,ピース,WXDi-P07-004-E1,ACTIVATED,(ログなし)
,WXDi-P07-005,瞬間explosion,ピース,WXDi-P07-005-E1,ACTIVATED,(ログなし)
,WXDi-P07-007,まほまほ☆さ～ん,ルリグ,WXDi-P07-007-E2,AUTO,(ログなし)
,WXDi-P07-009,ドーナ　SUN,ルリグ,WXDi-P07-009-E2,ACTIVATED,(ログなし)
,WXDi-P07-022,みこみこ☆がっちゃん,アシストルリグ,WXDi-P07-022-E1,AUTO,[深さ上限]
,WXDi-P07-025,みこみこ☆ずばしゃーん,アシストルリグ,WXDi-P07-025-E1,AUTO,[深さ上限]
,WXDi-P07-029,メル・リバイズ,アシストルリグ,WXDi-P07-029-E1,AUTO,(ログなし)
,WXDi-P07-036,ナナシ・浄化,アシストルリグ,WXDi-P07-036-E2,AUTO,(ログなし)
,WXDi-P07-037,ナナシ・施錠,アシストルリグ,WXDi-P07-037-E2,AUTO,(ログなし)
,WXDi-P07-037,ナナシ・施錠,アシストルリグ,WXDi-P07-037-E3,AUTO,(ログなし)
,WXDi-P07-038,ナナシ・ご選択,アシストルリグ,WXDi-P07-038-E1,ACTIVATED,(ログなし)
,WXDi-P07-044,大幻蟲　アロス・ピルルク//メモリア,シグニ,WXDi-P07-044-E1,AUTO,(ログなし)
,WXDi-P07-046,ドライ＝パトラ,シグニ,WXDi-P07-046-E2,AUTO,(ログなし)
,WXDi-P07-047,惨之遊姫　グズ子//メモリア,シグニ,WXDi-P07-047-E3,ACTIVATED,(ログなし)
,WXDi-P07-048,コードハート　Aトマッサージャー,シグニ,WXDi-P07-048-E2,AUTO,(ログなし)
,WXDi-P07-056,聖美　ガクブチ,シグニ,WXDi-P07-056-E2,AUTO,[深さ上限]
,WXDi-P07-058,幻怪　カラテン,シグニ,WXDi-P07-058-E2,ACTIVATED,(ログなし)
,WXDi-P07-072,蒼天　カイニス,シグニ,WXDi-P07-072-BURST,LIFE_BURST,[深さ上限]
,WXDi-P07-082,羅星　コルト,シグニ,WXDi-P07-082-E1,AUTO,(ログなし)
,WXDi-P07-087,羅星　ベレニケ,シグニ,WXDi-P07-087-BURST,LIFE_BURST,(ログなし)
,WXDi-P07-089,コードアンチ　ウムル//メモリア,シグニ,WXDi-P07-089-E2,ACTIVATED,(ログなし)
,WXDi-P07-095,ブラック・メモリー,スペル,WXDi-P07-095-E1,ACTIVATED,(ログなし)
,WXDi-P07-095,ブラック・メモリー,スペル,WXDi-P07-095-BURST,LIFE_BURST,(ログなし)
,WXDi-P08-002,Colorful　Wish,ピース,WXDi-P08-002-E1,ACTIVATED,(ログなし)
,WXDi-P08-010,トライアングル/メイデン　イオナ,ルリグ,WXDi-P08-010-E1,AUTO,(ログなし)
,WXDi-P08-024,タマ・しーるど,アシストルリグ,WXDi-P08-024-E3,AUTO,(ログなし)
,WXDi-P08-027,リル・一閃,アシストルリグ,WXDi-P08-027-E1,AUTO,(ログなし)
,WXDi-P08-028,リル・炎舞,アシストルリグ,WXDi-P08-028-E1,AUTO,(ログなし)
,WXDi-P08-047,凶魔姫　ウリス//メモリア,シグニ,WXDi-P08-047-E2,AUTO,(ログなし)
,WXDi-P08-056,コードアート　Ｐテトフライヤー,シグニ,WXDi-P08-056-E2,AUTO,(ログなし)
,WXDi-P08-061,楽天の共鳴,スペル,WXDi-P08-061-E1,ACTIVATED,(ログなし)
,WXDi-P08-064,蒼天　カナロア,シグニ,WXDi-P08-064-E1,AUTO,(ログなし)
,WXDi-P09-006,レイラ＝オーバーテイク,ルリグ,WXDi-P09-006-E1,ACTIVATED,(ログなし)
,WXDi-P09-010,絶歌の駄姫　グズ子,ルリグ,WXDi-P09-010-E2,ACTIVATED,(ログなし)
,WXDi-P09-032,あーやの出番！,アシストルリグ,WXDi-P09-032-E1,AUTO,[深さ上限]
,WXDi-P09-035,あーやの魅力にメロメロ！,アシストルリグ,WXDi-P09-035-E2,AUTO,[深さ上限]
,WXDi-P09-036,あーやのホログラフ！,アシストルリグ,WXDi-P09-036-E1,AUTO,[深さ上限]
,WXDi-P09-039,紅将姫　リル//メモリア,シグニ,WXDi-P09-039-E2,AUTO,(ログなし)
,WXDi-P09-045,惨之遊姫　ジンロウ,シグニ,WXDi-P09-045-E2,ACTIVATED,(ログなし)
,WXDi-P09-056,紅将　マタ・ハリ,シグニ,WXDi-P09-056-E1,AUTO,(ログなし)
,WXDi-P09-059,羅星　キクノジョー,シグニ,WXDi-P09-059-E1,ACTIVATED,(ログなし)
,WXDi-P09-060,幻獣　ミーアキャット,シグニ,WXDi-P09-060-E2,AUTO,[深さ上限]
,WXDi-P09-080,凶将　ジャック・ド・モレー,シグニ,WXDi-P09-080-E2,ACTIVATED,(ログなし)
,WXDi-P09-080,凶将　ジャック・ド・モレー,シグニ,WXDi-P09-080-BURST,LIFE_BURST,(ログなし)
,WXDi-P09-082,羅原　Fe,シグニ,WXDi-P09-082-E1,AUTO,(ログなし)
,WXDi-P10-008,参上　緑姫,ルリグ,WXDi-P10-008-E1,AUTO,[深さ上限]
,WXDi-P10-023,遊月・ガーネット,アシストルリグ,WXDi-P10-023-E1,AUTO,(ログなし)
,WXDi-P10-028,ウリス・スケアー,アシストルリグ,WXDi-P10-028-E1,AUTO,(ログなし)
,WXDi-P10-032,ウリス・アフリクト,アシストルリグ,WXDi-P10-032-E1,AUTO,(ログなし)
,WXDi-P10-039,蒼魔姫　リッチレーサー,シグニ,WXDi-P10-039-BURST,LIFE_BURST,[深さ上限]
,WXDi-P10-041,羅植姫　タナバタ,シグニ,WXDi-P10-041-E3,AUTO,(ログなし)
,WXDi-P10-043,羅星姫　ミュウ//メモリア,シグニ,WXDi-P10-043-E2,AUTO,(ログなし)
,WXDi-P10-049,幻怪　コックリサン,シグニ,WXDi-P10-049-E1,ACTIVATED,(ログなし)
,WXDi-P10-051,プリパラアイドル　ガァルル,シグニ,WXDi-P10-051-E1,ACTIVATED,(ログなし)
,WXDi-P10-051,プリパラアイドル　ガァルル,シグニ,WXDi-P10-051-E2,ACTIVATED,(ログなし)
,WXDi-P10-052,小装　リル//メモリア,シグニ,WXDi-P10-052-E1,AUTO,(ログなし)
,WXDi-P10-052,小装　リル//メモリア,シグニ,WXDi-P10-052-E3,ACTIVATED,(ログなし)
,WXDi-P10-061,プリパラアイドル　ファルル,シグニ,WXDi-P10-061-E2,AUTO,(ログなし)
,WXDi-P10-062,蒼魔　アロス・ピルルク//メモリア,シグニ,WXDi-P10-062-E2,AUTO,(ログなし)
,WXDi-P10-077,ウェルカム・バック,スペル,WXDi-P10-077-BURST,LIFE_BURST,(ログなし)
,WXDi-P11-029,カーニバル　-撃-,アシストルリグ,WXDi-P11-029-E1,AUTO,(ログなし)
,WXDi-P11-043,蒼英姫　リメンバ//メモリア,シグニ,WXDi-P11-043-E2,AUTO,(ログなし)
,WXDi-P11-044,幻水姫　オトヒメ,シグニ,WXDi-P11-044-E3,ACTIVATED,[深さ上限]
,WXDi-P11-045,翠天姫　オーベロン,シグニ,WXDi-P11-045-E2,AUTO,(ログなし)
,WXDi-P11-050,融合せし極門　ウトゥルス//メモリア,シグニ,WXDi-P11-050-E2,AUTO,(ログなし)
,WXDi-P11-050,融合せし極門　ウトゥルス//メモリア,シグニ,WXDi-P11-050-E3,AUTO,(ログなし)
,WXDi-P11-050,融合せし極門　ウトゥルス//メモリア,シグニ,WXDi-P11-050-BURST,LIFE_BURST,(ログなし)
,WXDi-P11-051,融合の儀　タウィル//メモリア,シグニ,WXDi-P11-051-E2,ACTIVATED,(ログなし)
,WXDi-P11-056,ウトゥルス・テリトリー,スペル,WXDi-P11-056-E1,ACTIVATED,(ログなし)
,WXDi-P11-057,小銃　キライザ,シグニ,WXDi-P11-057-E1,AUTO,(ログなし)
,WXDi-P11-059,羅原　華代//メモリア,シグニ,WXDi-P11-059-E2,ACTIVATED,(ログなし)
,WXDi-P11-070,FEVER,スペル,WXDi-P11-070-BURST,LIFE_BURST,[深さ上限]
,WXDi-P11-074,翠美　スクラッチアート,シグニ,WXDi-P11-074-E1,AUTO,[深さ上限]
,WXDi-P11-074,翠美　スクラッチアート,シグニ,WXDi-P11-074-E2,AUTO,[深さ上限]
,WXDi-P11-078,融合の儀　ウムル//メモリア,シグニ,WXDi-P11-078-E2,ACTIVATED,(ログなし)
,WXDi-P11-081,爆書　ナナシ//メモリア,シグニ,WXDi-P11-081-E1,AUTO,(ログなし)
,WXDi-P11-082,凶魔　フルフル,シグニ,WXDi-P11-082-BURST,LIFE_BURST,(ログなし)
,WXDi-P12-004,ディソナンス,ピース,WXDi-P12-004-E1,ACTIVATED,(ログなし)
,WXDi-P12-005,UNKNOWN　MEMORY,ピース,WXDi-P12-005-E1,ACTIVATED,(ログなし)
,WXDi-P12-006,未開の巫女　ユキ,ルリグ,WXDi-P12-006-E1,AUTO,(ログなし)
,WXDi-P12-008,みこみこ☆さんさんまぜまぜ,ルリグ,WXDi-P12-008-E3,ACTIVATED,[深さ上限]
,WXDi-P12-010,残黒の巫女　タマヨリヒメ,ルリグ,WXDi-P12-010-E3,ACTIVATED,(ログなし)
,WXDi-P12-037,エルドラ！ストーン！,アシストルリグ,WXDi-P12-037-E1,AUTO,[深さ上限]
,WXDi-P12-045,コードラビリンス　コネクト//ディソナ,シグニ,WXDi-P12-045-E2,AUTO,[深さ上限]
,WXDi-P12-052,コードオーダー　ズットモ//ディソナ,シグニ,WXDi-P12-052-E2,AUTO,(ログなし)
,WXDi-P12-053,コードアンシエンツ　ウムル//ディソナ,シグニ,WXDi-P12-053-E2,ACTIVATED,(ログなし)
,WXDi-P12-054,大装　デストロ//ディソナ,シグニ,WXDi-P12-054-E1,AUTO,[深さ上限]
,WXDi-P12-054,大装　デストロ//ディソナ,シグニ,WXDi-P12-054-BURST,LIFE_BURST,(ログなし)
,WXDi-P12-059,中罠　ゆかゆか//ディソナ,シグニ,WXDi-P12-059-E1,ACTIVATED,(ログなし)
,WXDi-P12-065,小砲　バクチク//ディソナ,シグニ,WXDi-P12-065-E1,AUTO,(ログなし)
,WXDi-P12-076,アイン＝サンガ//ディソナ,シグニ,WXDi-P12-076-E2,ACTIVATED,(ログなし)
,WXDi-P12-087,似之遊　カゴメカ//ディソナ,シグニ,WXDi-P12-087-E2,ACTIVATED,(ログなし)
,WXDi-P12-087,似之遊　カゴメカ//ディソナ,シグニ,WXDi-P12-087-BURST,LIFE_BURST,(ログなし)
,WXDi-P13-028,サシェ・ラアシャ,アシストルリグ,WXDi-P13-028-E1,AUTO,(ログなし)
,WXDi-P13-029,サシェ・バラディ,アシストルリグ,WXDi-P13-029-E2,AUTO,(ログなし)
,WXDi-P13-039,ミュウ　－　ジャコウ,アシストルリグ,WXDi-P13-039-E1,AUTO,(ログなし)
,WXDi-P13-040,ミュウ　－　クロアゲハ,アシストルリグ,WXDi-P13-040-E1,AUTO,(ログなし)
,WXDi-P13-040,ミュウ　－　クロアゲハ,アシストルリグ,WXDi-P13-040-E2,AUTO,(ログなし)
,WXDi-P13-054,惨之遊姫　グズ子//ディソナ,シグニ,WXDi-P13-054-BURST,LIFE_BURST,(ログなし)
,WXDi-P13-055,羅菌姫　ヘドニム//ディソナ,シグニ,WXDi-P13-055-E2,AUTO,(ログなし)
,WXDi-P13-055,羅菌姫　ヘドニム//ディソナ,シグニ,WXDi-P13-055-BURST,LIFE_BURST,(ログなし)
,WXDi-P13-059,聖天　ラグエル//ディソナ,シグニ,WXDi-P13-059-E1,ACTIVATED,(ログなし)
,WXDi-P13-062,羅星　カーニバル//ディソナ,シグニ,WXDi-P13-062-E1,AUTO,(ログなし)
,WXDi-P13-063,幻怪　チュパサブロウ//ディソナ,シグニ,WXDi-P13-063-E1,AUTO,(ログなし)
,WXDi-P13-066,羅原　Rb//ディソナ,シグニ,WXDi-P13-066-E1,AUTO,(ログなし)
,WXDi-P13-067,幻蟲　アトラス//ディソナ,シグニ,WXDi-P13-067-E1,AUTO,(ログなし)
,WXDi-P13-084,羅星　ミカヅキ//ディソナ,シグニ,WXDi-P13-084-BURST,LIFE_BURST,(ログなし)
,WXDi-P13-089,夢限//ディソナ,シグニ,WXDi-P13-089-E2,ACTIVATED,(ログなし)
,WXDi-P14-005,カオス！chaos！混沌！,ピース,WXDi-P14-005-E1,ACTIVATED,(ログなし)
,WXDi-P14-024,ミルルン☆スラッシュ,アシストルリグ,WXDi-P14-024-E1,AUTO,(ログなし)
,WXDi-P14-035,グズ子～ハプニング～,アシストルリグ,WXDi-P14-035-E1,AUTO,(ログなし)
,WXDi-P14-038,グズ子～ダブルピース～,アシストルリグ,WXDi-P14-038-E2,AUTO,(ログなし)
,WXDi-P14-044,羅輝石　レイ//フェゾーネ,シグニ,WXDi-P14-044-E1,AUTO,[深さ上限]
,WXDi-P14-044,羅輝石　レイ//フェゾーネ,シグニ,WXDi-P14-044-BURST,LIFE_BURST,[深さ上限]
,WXDi-P14-069,グレイブ・アップ,スペル,WXDi-P14-069-BURST,LIFE_BURST,(ログなし)
,WXDi-P14-076,電音部　日高零奈,シグニ,WXDi-P14-076-E2,ACTIVATED,(ログなし)
,WXDi-P15-001,リベレーターズフォース,ピース,WXDi-P15-001-E1,ACTIVATED,(ログなし)
,WXDi-P15-003,ひらけ！ゲート！,ピース,WXDi-P15-003-E1,ACTIVATED,(ログなし)
,WXDi-P15-006,自由の記憶　解放者リル,ルリグ,WXDi-P15-006-E2,ACTIVATED,(ログなし)
,WXDi-P15-008,闘争者カーニバル　#T#,ルリグ,WXDi-P15-008-E1,AUTO,(ログなし)
,WXDi-P15-037,アルフォウソード,アシストルリグ,WXDi-P15-037-E1,AUTO,(ログなし)
,WXDi-P15-039,アルフォウジェラシー,アシストルリグ,WXDi-P15-039-E2,AUTO,(ログなし)
,WXDi-P15-045,ハナレ//ミリオンダガー,アシストルリグ,WXDi-P15-045-E2,AUTO,(ログなし)
,WXDi-P15-051,羅輝石　花代//THE DOOR,シグニ,WXDi-P15-051-E1,AUTO,[深さ上限]
,WXDi-P15-054,惨之遊姫　コイントス//THE DOOR,シグニ,WXDi-P15-054-E2,ACTIVATED,(ログなし)
,WXDi-P15-055,大罠　あや//THE DOOR,シグニ,WXDi-P15-055-E1,AUTO,(ログなし)
,WXDi-P15-055,大罠　あや//THE DOOR,シグニ,WXDi-P15-055-BURST,LIFE_BURST,(ログなし)
,WXDi-P15-058,羅星姫　コスチュム//THE DOOR,シグニ,WXDi-P15-058-BURST,LIFE_BURST,[深さ上限]
,WXDi-P15-061,羅星　サシェ//THE DOOR,シグニ,WXDi-P15-061-E1,AUTO,(ログなし)
,WXDi-P15-062,幻怪　ドーナ//THE DOOR,シグニ,WXDi-P15-062-E2,AUTO,(ログなし)
,WXDi-P15-073,羅原　まほまほ//THE DOOR,シグニ,WXDi-P15-073-BURST,LIFE_BURST,(ログなし)
,WXDi-P15-083,GATE　DRIVE,スペル,WXDi-P15-083-BURST,LIFE_BURST,[深さ上限]
,WXDi-P15-086,コードアート　Aトドア,シグニ,WXDi-P15-086-E2,ACTIVATED,(ログなし)
,WXDi-P15-098,凶将　アオトラ,シグニ,WXDi-P15-098-BURST,LIFE_BURST,(ログなし)
,WXDi-P16-011,希望の後先　ミカエラ,ルリグ,WXDi-P16-011-E1,AUTO,[深さ上限]
,WXDi-P16-012,収斂せし扉　アト＝トレ,ルリグ,WXDi-P16-012-E1,AUTO,[深さ上限]
,WXDi-P16-013,扉の俯瞰者　ウムル＝トレ,ルリグ,WXDi-P16-013-E2,ACTIVATED,(ログなし)
,WXDi-P16-013,扉の俯瞰者　ウムル＝トレ,ルリグ,WXDi-P16-013-E3,ACTIVATED,(ログなし)
,WXDi-P16-033,閃々！！ガブリエラ,アシストルリグ,WXDi-P16-033-E1,AUTO,(ログなし)
,WXDi-P16-036,バイバイ！！ガブリエラ,アシストルリグ,WXDi-P16-036-E3,AUTO,(ログなし)
,WXDi-P16-037,アザエラ「勇気の矢」,アシストルリグ,WXDi-P16-037-E1,AUTO,(ログなし)
,WXDi-P16-045,蹴・ミカエラ,アシストルリグ,WXDi-P16-045-E2,AUTO,[深さ上限]
,WXDi-P16-054,幻水姫　アキノ//THE DOOR,シグニ,WXDi-P16-054-E2,AUTO,(ログなし)
,WXDi-P16-056,コードハート　ピルルク//THE DOOR,シグニ,WXDi-P16-056-E2,AUTO,(ログなし)
,WXDi-P16-057,凶翠魔姫　ウリス//THE DOOR,シグニ,WXDi-P16-057-E1,AUTO,(ログなし)
,WXDi-P16-065,紅将　リル//フェゾーネ,シグニ,WXDi-P16-065-E2,ACTIVATED,(ログなし)
,WXDi-P16-067,中装　タマ//THE DOOR,シグニ,WXDi-P16-067-E1,AUTO,(ログなし)
,WXDi-P16-075,幻水　エルドラ//ディソナ,シグニ,WXDi-P16-075-E1,ACTIVATED,[深さ上限]
,WXDi-P16-082,異血之遊　グズ子//フェゾーネ,シグニ,WXDi-P16-082-E2,ACTIVATED,(ログなし)
,WXDi-P16-083,凶魔　アルフォウ//THE DOOR,シグニ,WXDi-P16-083-BURST,LIFE_BURST,(ログなし)
,WXDi-P16-085,羅原　Pb,シグニ,WXDi-P16-085-E1,ACTIVATED,(ログなし)
,WXDi-P16-085,羅原　Pb,シグニ,WXDi-P16-085-BURST,LIFE_BURST,(ログなし)
,WXDi-P16-094,未来への道標,スペル,WXDi-P16-094-BURST,LIFE_BURST,(ログなし)
,WXDi-CP01-008,【センター】月ノ美兎　レベル３,ルリグ,WXDi-CP01-008-E2,ACTIVATED,(ログなし)
,WXDi-CP01-015,【アシスト】アンジュ　レベル２【錬金】,アシストルリグ,WXDi-CP01-015-E2,AUTO,(ログなし)
,WXDi-CP01-016,【アシスト】とこ　レベル１【棍】,アシストルリグ,WXDi-CP01-016-E2,AUTO,(ログなし)
,WXDi-CP01-018,【アシスト】月ノ美兎　レベル１【斧】,アシストルリグ,WXDi-CP01-018-E1,AUTO,(ログなし)
,WXDi-CP01-019,【アシスト】月ノ美兎　レベル１【杵】,アシストルリグ,WXDi-CP01-019-E1,AUTO,(ログなし)
,WXDi-CP01-019,【アシスト】月ノ美兎　レベル１【杵】,アシストルリグ,WXDi-CP01-019-E2,AUTO,(ログなし)
,WXDi-CP01-021,【アシスト】月ノ美兎　レベル２【永遠】,アシストルリグ,WXDi-CP01-021-E2,AUTO,(ログなし)
,WXDi-CP01-022,【アシスト】月ノ美兎　レベル２【殴打】,アシストルリグ,WXDi-CP01-022-E1,AUTO,(ログなし)
,WXDi-CP01-026,コード２４３４　天宮こころ,シグニ,WXDi-CP01-026-E2,AUTO,(ログなし)
,WXDi-CP01-030,コード２４３４　鷹宮リオン,シグニ,WXDi-CP01-030-E1,AUTO,[深さ上限]
,WXDi-CP01-030,コード２４３４　鷹宮リオン,シグニ,WXDi-CP01-030-E2,AUTO,(ログなし)
,WXDi-CP01-031,コード２４３４　周央サンゴ,シグニ,WXDi-CP01-031-BURST,LIFE_BURST,(ログなし)
,WXDi-CP01-032,コード２４３４　レイン・パターソン,シグニ,WXDi-CP01-032-BURST,LIFE_BURST,(ログなし)
,WXDi-CP01-038,コード２４３４　健屋花那,シグニ,WXDi-CP01-038-E1,AUTO,[深さ上限]
,WXDi-CP01-039,コード２４３４　東堂コハク,シグニ,WXDi-CP01-039-E1,AUTO,(ログなし)
,WXDi-CP01-042,コード２４３４　花畑チャイカ,シグニ,WXDi-CP01-042-BURST,LIFE_BURST,(ログなし)
,WXDi-CP01-044,コード２４３４　北小路ヒスイ,シグニ,WXDi-CP01-044-E2,AUTO,(ログなし)
,WXDi-CP01-046,コード２４３４　海妹四葉,シグニ,WXDi-CP01-046-E1,AUTO,[深さ上限]
,WXDi-CP01-050,コード２４３４　ロゼミ　ラブロック,シグニ,WXDi-CP01-050-E2,ACTIVATED,(ログなし)
,WXDi-CP01-050,コード２４３４　ロゼミ　ラブロック,シグニ,WXDi-CP01-050-BURST,LIFE_BURST,(ログなし)
,WXDi-CP02-010,空崎ヒナ[終幕イシュ・ボシェテ],ルリグ,WXDi-CP02-010-E2,ACTIVATED,(ログなし)
,WXDi-CP02-024,浦和ハナコ,アシストルリグ,WXDi-CP02-024-E1,AUTO,(ログなし)
,WXDi-CP02-032,角楯カリン,アシストルリグ,WXDi-CP02-032-E1,AUTO,[深さ上限]
,WXDi-CP02-035,角楯カリン[ターゲット、排除する],アシストルリグ,WXDi-CP02-035-E1,AUTO,[深さ上限]
,WXDi-CP02-036,角楯カリン(バニーガール),アシストルリグ,WXDi-CP02-036-E1,AUTO,[深さ上限]
,WXDi-CP02-056,早瀬ユウカ,シグニ,WXDi-CP02-056-BURST,LIFE_BURST,[深さ上限]
,WXDi-CP02-061,棗イロハ,シグニ,WXDi-CP02-061-E1,AUTO,(ログなし)
,WXDi-CP02-061,棗イロハ,シグニ,WXDi-CP02-061-BURST,LIFE_BURST,(ログなし)
,WXDi-CP02-096,氷室セナ,シグニ,WXDi-CP02-096-BURST,LIFE_BURST,(ログなし)
,WXDi-CP02-100,愛清フウカ,シグニ,WXDi-CP02-100-BURST,LIFE_BURST,(ログなし)
,WXDi-CP02-102,天雨アコ,シグニ,WXDi-CP02-102-BURST,LIFE_BURST,(ログなし)
,WXDi-CP02-103,物語の起動,スペル,WXDi-CP02-103-E1,ACTIVATED,[深さ上限]
,WXDi-P11-010A,夢限　-Q-,ルリグ,WXDi-P11-010A-E2,AUTO,(ログなし)
,WX24-P1-009,ダーク・マイアズマ,アーツ,WX24-P1-009-E1,ACTIVATED,(ログなし)
,WX24-P1-013,ロストコード・ピルルク,ルリグ,WX24-P1-013-E1,AUTO,(ログなし)
,WX24-P1-014,讃型　緑姫,ルリグ,WX24-P1-014-E1,AUTO,(ログなし)
,WX24-P1-015,挟界の閻魔　ウリス,ルリグ,WX24-P1-015-E1,AUTO,(ログなし)
,WX24-P1-020,玉石混煌,アーツ,WX24-P1-020-E1,ACTIVATED,[深さ上限]
,WX24-P1-023,ドンドン・バキューム,アーツ,WX24-P1-023-E1,ACTIVATED,[深さ上限]
,WX24-P1-024,アイス・アロー,アーツ,WX24-P1-024-E1,ACTIVATED,[深さ上限]
,WX24-P1-029,デーモン・サークル,アーツ,WX24-P1-029-E1,ACTIVATED,[深さ上限]
,WX24-P1-041,コードアンシエンツ　スフィンクス,シグニ,WX24-P1-041-E3,ACTIVATED,(ログなし)
,WX24-P1-058,羅闘石　アメジスト,シグニ,WX24-P1-058-E1,AUTO,(ログなし)
,WX24-P1-060,コードアート　Sイハンキ,シグニ,WX24-P1-060-E1,AUTO,(ログなし)
,WX24-P1-063,紅魔　フュール,シグニ,WX24-P1-063-E1,AUTO,(ログなし)
,WX24-P1-064,溶岩の波乗,スペル,WX24-P1-064-E1,ACTIVATED,(ログなし)
,WX24-P1-071,ＵＰＤＡＴＥ,スペル,WX24-P1-071-E1,ACTIVATED,(ログなし)
,WX24-P1-078,獣拳,スペル,WX24-P1-078-E1,ACTIVATED,(ログなし)
,WX24-P1-083,凶魔　ブネ,シグニ,WX24-P1-083-E1,ACTIVATED,(ログなし)
,WX24-P1-083,凶魔　ブネ,シグニ,WX24-P1-083-BURST,LIFE_BURST,(ログなし)
,WX24-P1-084,羅石　オニキス,シグニ,WX24-P1-084-E1,AUTO,(ログなし)
,WX24-P1-084,羅石　オニキス,シグニ,WX24-P1-084-BURST,LIFE_BURST,(ログなし)
,WX24-P1-085,デビル・サモン,スペル,WX24-P1-085-E1,ACTIVATED,(ログなし)
,WX24-P1-085,デビル・サモン,スペル,WX24-P1-085-BURST,LIFE_BURST,(ログなし)
,WX24-P2-007,虚心坦懐,アーツ,WX24-P2-007-E1,ACTIVATED,[深さ上限]
,WX24-P2-031,カオス・クラウン,アーツ,WX24-P2-031-E1,ACTIVATED,[深さ上限]
,WX24-P2-033,能龍隠爪,アーツ,WX24-P2-033-E1,ACTIVATED,[深さ上限]
,WX24-P2-037,蔓巻発条,アーツ,WX24-P2-037-E1,ACTIVATED,[深さ上限]
,WX24-P2-039,グレイブ・イブニング,アーツ,WX24-P2-039-E1,ACTIVATED,[深さ上限]
,WX24-P2-043,カレイドスコープ,ピース,WX24-P2-043-E1,ACTIVATED,(ログなし)
,WX24-P2-058,凶魔姫　ハデス,シグニ,WX24-P2-058-BURST,LIFE_BURST,(ログなし)
,WX24-P2-066,幻竜　ヤマトサウルス,シグニ,WX24-P2-066-E1,AUTO,(ログなし)
,WX24-P2-069,小砲　パンジャン,シグニ,WX24-P2-069-E1,AUTO,(ログなし)
,WX24-P2-070,幻竜　ズメイ,シグニ,WX24-P2-070-E1,AUTO,(ログなし)
,WX24-P2-073,爆竜の衝突,スペル,WX24-P2-073-E1,ACTIVATED,(ログなし)
,WX24-P2-087,葉刃,スペル,WX24-P2-087-E1,ACTIVATED,[深さ上限]
,WX24-P2-090,壱ノ遊　カゲエ,シグニ,WX24-P2-090-E1,ACTIVATED,(ログなし)
,WX24-P2-092,コードメイズ　アバケイ,シグニ,WX24-P2-092-E2,AUTO,(ログなし)
,WX24-P2-092,コードメイズ　アバケイ,シグニ,WX24-P2-092-BURST,LIFE_BURST,(ログなし)
,WX24-P2-093,羅植　カレハ,シグニ,WX24-P2-093-E1,AUTO,[深さ上限]
,WX24-P3-001,クリスタル・エクスプロージョン,アーツ,WX24-P3-001-E1,ACTIVATED,[深さ上限]
,WX24-P3-018,ちより　第三章,ルリグ,WX24-P3-018-E1,AUTO,[深さ上限]
,WX24-P3-018,ちより　第三章,ルリグ,WX24-P3-018-E2,ACTIVATED,(ログなし)
,WX24-P3-026,回想の階層　アン＝サード,ルリグ,WX24-P3-026-E1,AUTO,[深さ上限]
,WX24-P3-033,取捨炎択,アーツ,WX24-P3-033-E1,ACTIVATED,[深さ上限]
,WX24-P3-035,トレジャー・フィッシュ,アーツ,WX24-P3-035-E1,ACTIVATED,[深さ上限]
,WX24-P3-036,アンチ・スペル・バツ,アーツ,WX24-P3-036-E1,ACTIVATED,[深さ上限]
,WX24-P3-037,一筆啓上,アーツ,WX24-P3-037-E1,ACTIVATED,[深さ上限]
,WX24-P3-039,ブーケ・メイキング,アーツ,WX24-P3-039-E1,ACTIVATED,[深さ上限]
,WX24-P3-046,イオナ・クライシス,アシストルリグ,WX24-P3-046-E1,AUTO,(ログなし)
,WX24-P3-047,羅星姫　ホロスコープ,シグニ,WX24-P3-047-E1,AUTO,(ログなし)
,WX24-P3-056,羅植姫　フラスタ,シグニ,WX24-P3-056-E2,AUTO,(ログなし)
,WX24-P3-066,小罠　ファイヤートーチ,シグニ,WX24-P3-066-E1,AUTO,(ログなし)
,WX24-P3-084,翠美　テンペラ,シグニ,WX24-P3-084-E1,AUTO,[深さ上限]
,WX24-P3-091,凶魔　ダンタリオン,シグニ,WX24-P3-091-BURST,LIFE_BURST,(ログなし)
,WX24-P3-092,幻水　メルルーサ,シグニ,WX24-P3-092-E1,ACTIVATED,(ログなし)
,WX24-P3-093,デビル・ホール,スペル,WX24-P3-093-BURST,LIFE_BURST,(ログなし)
,WX24-P4-011,過日の巫女　タマヨリヒメ,ルリグ,WX24-P4-011-E2,AUTO,[深さ上限]
,WX24-P4-014,閃華繚乱　花代・肆,ルリグ,WX24-P4-014-E2,AUTO,(ログなし)
,WX24-P4-017,ロストコード・ピルルク　X,ルリグ,WX24-P4-017-E2,AUTO,(ログなし)
,WX24-P4-023,死界の閻魔　ウリス,ルリグ,WX24-P4-023-E2,AUTO,(ログなし)
,WX24-P4-024,フォース/メイデン　イオナ,ルリグ,WX24-P4-024-E2,AUTO,(ログなし)
,WX24-P4-046,コードアクセル　ホウルトラック,シグニ,WX24-P4-046-E3,AUTO,(ログなし)
,WX24-P4-065,羅石　オブシディアン,シグニ,WX24-P4-065-E1,AUTO,(ログなし)
,WX24-P4-073,弍ノ遊　バブルボール,シグニ,WX24-P4-073-E1,AUTO,[深さ上限]
,WX24-P4-080,羅植　サイネリア,シグニ,WX24-P4-080-E1,AUTO,(ログなし)
,WX24-P4-083,凶魔　マルコシアス,シグニ,WX24-P4-083-BURST,LIFE_BURST,(ログなし)
,WX24-P4-086,凶魔　ヴァプラ,シグニ,WX24-P4-086-E1,ACTIVATED,(ログなし)
,WX24-P4-088,凶魔　バンダースナッチ,シグニ,WX24-P4-088-BURST,LIFE_BURST,(ログなし)
,WX25-P1-014,永らえし冒険者　タウィル＝トレ,ルリグ,WX25-P1-014-E1,ACTIVATED,[深さ上限]
,WX25-P1-018,合炎奇炎　タマヨリヒメ之参,ルリグ,WX25-P1-018-E1,AUTO,(ログなし)
,WX25-P1-030,冒険の鍵主　ウムル＝トレ,ルリグ,WX25-P1-030-E1,ACTIVATED,[深さ上限]
,WX25-P1-030,冒険の鍵主　ウムル＝トレ,ルリグ,WX25-P1-030-E2,ACTIVATED,(ログなし)
,WX25-P1-034,創造の針姫　ヤミノ＝Ⅲ,ルリグ,WX25-P1-034-E1,AUTO,(ログなし)
,WX25-P1-035,フラッピング・シャボン,アーツ,WX25-P1-035-E1,ACTIVATED,[深さ上限]
,WX25-P1-036,バブル・ラップ,アーツ,WX25-P1-036-E1,ACTIVATED,(ログなし)
,WX25-P1-037,背理砲,アーツ,WX25-P1-037-E1,ACTIVATED,[深さ上限]
,WX25-P1-041,音吐朗朗,アーツ,WX25-P1-041-E1,ACTIVATED,[深さ上限]
,WX25-P1-043,アンシエント・ブレード,アーツ,WX25-P1-043-E1,ACTIVATED,[深さ上限]
,WX25-P1-045,ブラック・スパーク,アーツ,WX25-P1-045-E1,ACTIVATED,(ログなし)
,WX25-P1-062,幻怪姫　CARD　LUCK,シグニ,WX25-P1-062-E2,AUTO,(ログなし)
,WX25-P1-067,聖天　ベトール,シグニ,WX25-P1-067-E1,AUTO,(ログなし)
,WX25-P1-072,小左砲　ウスピー,シグニ,WX25-P1-072-E1,AUTO,(ログなし)
,WX25-P1-074,紅天　ファレグ,シグニ,WX25-P1-074-E1,AUTO,(ログなし)
,WX25-P1-094,弍ノ遊　スベリダイ,シグニ,WX25-P1-094-E1,AUTO,(ログなし)
,WX25-P1-097,楽団,スペル,WX25-P1-097-E1,ACTIVATED,(ログなし)
,WX25-P1-098,コードアンチ　サルコファガス,シグニ,WX25-P1-098-E2,ACTIVATED,(ログなし)
,WX25-P1-099,コードオールド　テキサハンマ,シグニ,WX25-P1-099-E1,AUTO,(ログなし)
,WX25-P1-099,コードオールド　テキサハンマ,シグニ,WX25-P1-099-BURST,LIFE_BURST,(ログなし)
,WX25-P1-104,コードオールド　ハンマフェイク,シグニ,WX25-P1-104-E1,AUTO,(ログなし)
,WX25-P1-104,コードオールド　ハンマフェイク,シグニ,WX25-P1-104-BURST,LIFE_BURST,(ログなし)
,WX25-P1-110,グレイブ・アピアー,スペル,WX25-P1-110-BURST,LIFE_BURST,(ログなし)
,WX25-P1-111,クロック・スパイラル,スペル,WX25-P1-111-E1,ACTIVATED,(ログなし)
,WX25-P1-113,凶美　スミエ,シグニ,WX25-P1-113-E1,AUTO,[深さ上限]
,WX25-P2-035,スター・エッジ,アーツ,WX25-P2-035-E1,ACTIVATED,[深さ上限]
,WX25-P2-037,赤計火車,アーツ,WX25-P2-037-E1,ACTIVATED,[深さ上限]
,WX25-P2-043,バタフライ・ビジョン,アーツ,WX25-P2-043-E1,ACTIVATED,[深さ上限]
,WX25-P2-048,ゲッティング・レディ,ピース,WX25-P2-048-E1,ACTIVATED,[深さ上限]
,WX25-P2-057,羅原姫　Pt,シグニ,WX25-P2-057-BURST,LIFE_BURST,[深さ上限]
,WX25-P2-058,参ノ遊姫　ベイゴマ,シグニ,WX25-P2-058-E2,AUTO,[深さ上限]
,WX25-P2-061,コードアンシエンツ　ティンダロス,シグニ,WX25-P2-061-BURST,LIFE_BURST,(ログなし)
,WX25-P2-063,コードハート　Cメラ,シグニ,WX25-P2-063-E2,ACTIVATED,[深さ上限]
,WX25-P2-072,コードアート　Hットサンドメーカー,シグニ,WX25-P2-072-E1,AUTO,(ログなし)
,WX25-P2-074,幻蟲　アカシジミ,シグニ,WX25-P2-074-E1,AUTO,(ログなし)
,WX25-P2-075,コードアート　Bルーンマシン,シグニ,WX25-P2-075-E1,AUTO,(ログなし)
,WX25-P2-097,曲芸,スペル,WX25-P2-097-E1,ACTIVATED,[深さ上限]
,WX25-P2-099,幻蟲　ダンゴムシ,シグニ,WX25-P2-099-E1,ACTIVATED,(ログなし)
,WX25-P2-104,コードアート　Hイゼンネコ,シグニ,WX25-P2-104-E1,AUTO,(ログなし)
,WX25-P2-106,凶将　リンショウジョ,シグニ,WX25-P2-106-E1,ACTIVATED,(ログなし)
,WX25-P2-106,凶将　リンショウジョ,シグニ,WX25-P2-106-BURST,LIFE_BURST,(ログなし)
,WX25-P2-109,ビートル・ブレード,スペル,WX25-P2-109-E1,ACTIVATED,(ログなし)
,WX25-P2-110,ダーク・ファング,スペル,WX25-P2-110-BURST,LIFE_BURST,(ログなし)
,WX25-P3-037,紡ぎし者　エナ,ルリグ,WX25-P3-037-E3,AUTO,(ログなし)
,WX25-P3-040,赤羽矢立,アーツ,WX25-P3-040-E1,ACTIVATED,[深さ上限]
,WX25-P3-042,ウィッチ・ブレンド,アーツ,WX25-P3-042-E1,ACTIVATED,[深さ上限]
,WX25-P3-043,ウィッチ・ハット,アーツ,WX25-P3-043-E1,ACTIVATED,[深さ上限]
,WX25-P3-056,紅天姫　Hハートアロー,シグニ,WX25-P3-056-E1,AUTO,[深さ上限]
,WX25-P3-063,大幻蟲　バクダンアリ,シグニ,WX25-P3-063-BURST,LIFE_BURST,(ログなし)
,WX25-P3-073,フラッシュ・スフィア,スペル,WX25-P3-073-E1,ACTIVATED,(ログなし)
,WX25-P3-075,紅天　カマエル,シグニ,WX25-P3-075-E1,AUTO,[深さ上限]
,WX25-P3-076,幻竜　オピオン,シグニ,WX25-P3-076-E1,AUTO,(ログなし)
,WX25-P3-077,羅菌　アカカビ,シグニ,WX25-P3-077-E1,AUTO,(ログなし)
,WX25-P3-079,紅天　セト,シグニ,WX25-P3-079-E1,AUTO,[深さ上限]
,WX25-P3-083,高空の足蹴,スペル,WX25-P3-083-E1,ACTIVATED,(ログなし)
,WX25-P3-091,WITCH　CUT,スペル,WX25-P3-091-E1,ACTIVATED,(ログなし)
,WX25-P3-096,翠天　ゲブ,シグニ,WX25-P3-096-E1,AUTO,(ログなし)
,WX25-P3-098,龍砲,スペル,WX25-P3-098-E1,ACTIVATED,(ログなし)
,WX25-P3-101,アイン＝ヴェノムダガ,シグニ,WX25-P3-101-BURST,LIFE_BURST,(ログなし)
,WX25-P3-105,凶魔　ナベリウス,シグニ,WX25-P3-105-BURST,LIFE_BURST,(ログなし)
,WX25-P3-107,カモン・スネーク,スペル,WX25-P3-107-E1,ACTIVATED,(ログなし)
,WX25-P3-107,カモン・スネーク,スペル,WX25-P3-107-BURST,LIFE_BURST,(ログなし)
,WX25-P3-110,コードイート　ミズゼリー,シグニ,WX25-P3-110-E2,ACTIVATED,(ログなし)
,WX25-P3-111,聖美　シロヌリ,シグニ,WX25-P3-111-E2,ACTIVATED,(ログなし)
,WX25-CP1-012,錠前サオリ[et　omnia　vanitas！],ルリグ,WX25-CP1-012-E2,ACTIVATED,[深さ上限]
,WX25-CP1-024,春原シュン[悪い子はどこですか？],ルリグ,WX25-CP1-024-E2,ACTIVATED,(ログなし)
,WX25-CP1-036,サンクトゥムタワー崩壊,アーツ,WX25-CP1-036-E1,ACTIVATED,(ログなし)
,WX25-CP1-039,秤アツコ,シグニ,WX25-CP1-039-E2,AUTO,[深さ上限]
,WX25-CP1-047,陸八魔アル(ドレス),シグニ,WX25-CP1-047-E1,AUTO,[深さ上限]
,WX25-CP1-048,空崎ヒナ(ドレス),シグニ,WX25-CP1-048-E1,ACTIVATED,[深さ上限]
,WX25-CP1-066,白石ウタハ,シグニ,WX25-CP1-066-E1,ACTIVATED,(ログなし)
,WX25-CP1-071,乙花スミレ,シグニ,WX25-CP1-071-BURST,LIFE_BURST,[深さ上限]
,WX25-CP1-086,下倉メグ,シグニ,WX25-CP1-086-BURST,LIFE_BURST,(ログなし)
,WX25-CP1-088,天雨アコ(ドレス),シグニ,WX25-CP1-088-E1,AUTO,[深さ上限]
,WX25-CP1-089,丹花イブキ,シグニ,WX25-CP1-089-BURST,LIFE_BURST,(ログなし)
,WX25-CP1-093,近衛ミナ,シグニ,WX25-CP1-093-BURST,LIFE_BURST,(ログなし)
,WX26-CP1-011,この輝きは永遠に！,アーツ,WX26-CP1-011-E1,ACTIVATED,(ログなし)
,WX26-CP1-015,リップル・ハンマースプラッシュ,アーツ,WX26-CP1-015-E1,ACTIVATED,[深さ上限]
,WX26-CP1-036,プリンセス・リップル　レベル３,ルリグ,WX26-CP1-036-E2,ACTIVATED,[深さ上限]
,WX26-CP1-047,プリンセス・ヴィオラ＆ネージュ,シグニ,WX26-CP1-047-E2,ACTIVATED,(ログなし)
,WX26-CP1-048,プリンセス・ジール(テイクミーハイヤー),シグニ,WX26-CP1-048-E1,AUTO,(ログなし)
,WX26-CP1-054,プリンセス・ミーティア(テイクミーハイヤー),シグニ,WX26-CP1-054-E1,AUTO,(ログなし)
,WX26-CP1-059,プリンセス・ミーティア＆ヴィオラ,シグニ,WX26-CP1-059-E2,AUTO,(ログなし)
,WX26-CP1-063,風花りり(ちびキャラ),シグニ,WX26-CP1-063-E2,ACTIVATED,(ログなし)
,WX26-CP1-064,プリンセス・ネージュ(雪の花),シグニ,WX26-CP1-064-E1,ACTIVATED,(ログなし)
,WX26-CP1-065,風花りり(私服),シグニ,WX26-CP1-065-E1,ACTIVATED,(ログなし)
,WX26-CP1-071,識辺かがり(ちびキャラ),シグニ,WX26-CP1-071-E1,AUTO,(ログなし)
,WX26-CP1-071,識辺かがり(ちびキャラ),シグニ,WX26-CP1-071-E2,ACTIVATED,(ログなし)
,WX26-CP1-073,識辺かがり(私服),シグニ,WX26-CP1-073-E1,ACTIVATED,(ログなし)
,WX26-CP1-078,曽本さき,シグニ,WX26-CP1-078-BURST,LIFE_BURST,[深さ上限]
,WX26-CP1-079,空野みなも(ちびキャラ),シグニ,WX26-CP1-079-E2,ACTIVATED,(ログなし)
,WX26-CP1-081,空野みなも(私服),シグニ,WX26-CP1-081-E1,ACTIVATED,(ログなし)
,WX26-CP1-087,一条ながせ(ちびキャラ),シグニ,WX26-CP1-087-E2,ACTIVATED,(ログなし)
,WX26-CP1-089,一条ながせ(私服),シグニ,WX26-CP1-089-E1,ACTIVATED,(ログなし)
,WX26-CP1-092,富良野まつり,シグニ,WX26-CP1-092-SONG,SONG_ICON,(ログなし)
,WX26-CP1-095,風花すみれ(ちびキャラ),シグニ,WX26-CP1-095-E1,AUTO,(ログなし)
,WX26-CP1-095,風花すみれ(ちびキャラ),シグニ,WX26-CP1-095-E2,ACTIVATED,(ログなし)
,WX26-CP1-097,風花すみれ(私服),シグニ,WX26-CP1-097-E1,ACTIVATED,(ログなし)
,WX26-CP1-100,ジュエルベル,スペル,WX26-CP1-100-E1,ACTIVATED,[深さ上限]
,WX26-CP1-101,力を貸して！,スペル,WX26-CP1-101-BURST,LIFE_BURST,(ログなし)
,WX24-D2-11,羅闘石　アイロン,シグニ,WX24-D2-11-E1,AUTO,(ログなし)
,WX24-D3-05,クール・スラップ,アーツ,WX24-D3-05-E1,ACTIVATED,[深さ上限]
,WX24-D3-07,エターナル・ホース・ブリザード,アーツ,WX24-D3-07-E1,ACTIVATED,[深さ上限]
,WX24-D3-19,コードアート　Dレス,シグニ,WX24-D3-19-E1,ACTIVATED,[深さ上限]
,WX24-D4-07,付洋雷同,アーツ,WX24-D4-07-E1,ACTIVATED,[深さ上限]
,WX24-D5-04,無間地獄の閻魔　ウリス,ルリグ,WX24-D5-04-E2,ACTIVATED,(ログなし)
,WX24-D5-19,凶魔　ベルゼ,シグニ,WX24-D5-19-E1,AUTO,(ログなし)
,WX25-CD1-10,アビドスの夏休み,アーツ,WX25-CD1-10-E1,ACTIVATED,[深さ上限]
,SPDi43-03,エクス・スリーNEO,ルリグ,SPDi43-03-E2,ACTIVATED,[深さ上限]
,SPDi43-11,MC.LION　3rdVerse-ULT,ルリグ,SPDi43-11-E2,ACTIVATED,[深さ上限]
,SPDi43-12,DJ.LOVIT　3rdVerse-ULT,ルリグ,SPDi43-12-E2,ACTIVATED,[深さ上限]
,SPDi43-13,VJ.WOLF　3rdVerse-ULT,ルリグ,SPDi43-13-E2,ACTIVATED,[深さ上限]
,SPDi43-14,VOGUE3-EXTREME　ムジカ,ルリグ,SPDi43-14-E2,ACTIVATED,(ログなし)
,SPDi43-15,VOGUE3-EXTREME　マドカ,ルリグ,SPDi43-15-E2,ACTIVATED,(ログなし)
,SPDi43-16,VOGUE3-EXTREME　サンガ,ルリグ,SPDi43-16-E1,AUTO,(ログなし)
,SPDi43-16,VOGUE3-EXTREME　サンガ,ルリグ,SPDi43-16-E2,ACTIVATED,(ログなし)
,SPDi44-08,琴葉茜＆琴葉葵　レベル3,ルリグ,SPDi44-08-E1,AUTO,(ログなし)
,SPDi44-12,GUMI　レベル3,ルリグ,SPDi44-12-E1,ACTIVATED,[深さ上限]
,SPDi44-16,結月ゆかり　レベル3,ルリグ,SPDi44-16-E1,ACTIVATED,[深さ上限]
,SPDi44-16,結月ゆかり　レベル3,ルリグ,SPDi44-16-E2,ACTIVATED,(ログなし)
,WXDi-P11-TK04,緑参ノ遊姫　アスレ【ＨＡＲＤ】,シグニ/レゾナクラフト,WXDi-P11-TK04-E2,AUTO,[深さ上限]
,WXDi-P11-TK06,黒大幻蟲　オウグソク【ＦＡ】,シグニ/レゾナクラフト,WXDi-P11-TK06-E1,AUTO,(ログなし)
,WX25-P1-TK6,幻怪　ヤミノザンシ,シグニ/クラフト,WX25-P1-TK6-E2,AUTO,(ログなし)
,WX25-P2-TK03,コードヒート　ウィクロンジャービークル,シグニ/レゾナクラフト,WX25-P2-TK03-E2,AUTO,(ログなし)
,WX25-P2-TK06,蒼穹将姫　ユミル,シグニ/レゾナクラフト,WX25-P2-TK06-E1,AUTO,(ログなし)
,WX24-P3-TK1A,転生したらレベル１のママ勇者だったけど無双してみた,シグニ/クラフト,WX24-P3-TK1A-E2,AUTO,(ログなし)
,WX24-P3-TK1A,転生したらレベル１のママ勇者だったけど無双してみた,シグニ/クラフト,WX24-P3-TK1A-E3,AUTO,(ログなし)
,WXDi-CP02-TK02A,雨雲号,シグニ/クラフト,WXDi-CP02-TK02A-E2,AUTO,(ログなし)
,WXDi-CP02-TK03B,クルセイダーちゃん,シグニ/クラフト,WXDi-CP02-TK03B-E3,AUTO,(ログなし)
,WXDi-P14-TK01,フェゾーネマジック・ホワイト,スペル/クラフト,WXDi-P14-TK01-E1,ACTIVATED,(ログなし)
,WXDi-P16-001B,扉の俯瞰者　ウトゥルス,ルリグ,WXDi-P16-001B-E2,ACTIVATED,(ログなし)
,WXDi-P11-010B,夢限　-A-,ルリグ,WXDi-P11-010B-E2,ACTIVATED,(ログなし)
